Body ID,Name,GF Synapse Count,XYZ,Soma Hemisphere,Status,Updated?,GF input type,GF input type 2
642263196,(dAOTU1)_R,1,"(7295, 29928, 14046)",R,prelim grouping,,1,type 1
642262407,(dAOTU1)_R,4,"(11344, 31528, 11303)",R,prelim grouping,,1,type 1
5813022764,(dAOTU1)_R,4,"(8117, 30619, 13273)",R,prelim grouping,,1,type 1
5812983519,(dAOTU1)_R,6,"(11874, 32610, 12472)",R,prelim grouping,,1,type 1
829155062,(dAOTU1)_R,6,"(10755, 31855, 11870)",R,prelim grouping,,1,type 1
454347237,(dAOTU1)_R,12,"(9385, 30315, 11863)",R,prelim grouping,,1,type 1
829162792,(dAOTU1)_R,13,"(10305, 30680, 11559)",R,prelim grouping,,1,type 1
1102761868,(dAOTU1)_R,16,"(8976, 30593, 12496)",R,prelim grouping,yes,1,type 1
1815947603,,6,"(22661, 19947, 24252)",-,prelim grouping,yes,2,type 2
1506382974,Upstream>pMN1,67,"(22434, 20686, 32014)",-,prelim grouping,,2,type 2
1254331599,FSR*,87,"(24376, 17583, 22776)",-,prelim grouping,,2,type 2
2126296267,(AMVF1)_R,112,"(19659, 21232, 33868)",-,prelim grouping,,2,type 2
1876993474,(AMVF1)_R,134,"(14682, 23117, 31800)",-,prelim grouping,,2,type 2
1102412245,FSR*,148,"(21485, 18938, 24094)",-,prelim grouping,review,2,type 2
1288650927,FSR*,49,"(26342, 17277, 23042)",L,prelim grouping,yes,3,type 3
1072059176,(LEF)_R,408,"(12868, 10054, 21170)",R,prelim grouping,,3,type 3
1381730321,,1,"(28011, 19404, 24682)",L,prelim grouping,yes,4,type 4
1630332999,,1,"(29196, 19886, 23769)",-,prelim grouping,,4,type 4
1504850262,,2,"(27690, 19178, 24992)",-,prelim grouping,,4,type 4
1722483751,(aVT2)_R,3,"(30770, 20230, 24144)",-,prelim grouping,yes,4,type 4
1412761053,,3,"(17754, 20992, 23642)",-,prelim grouping,,4,type 4
1691885573,,10,"(21019, 20211, 24438)",-,prelim grouping,,4,type 4
5813068048,(aVT2)_R,11,"(16368, 21473, 23497)",-,prelim grouping,,4,type 4
1722177539,(aVT2)_R,11,"(24427, 19333, 25120)",-,prelim grouping,,4,type 4
1443450601,(aVT2)_R,14,"(19389, 20604, 23824)",-,prelim grouping,,4,type 4
1073428001,Upstream>pMN1,52,"(20273, 17909, 23238)",-,prelim grouping,,4,type 4
1594562431,FSR*,132,"(30035, 17200, 23010)",L,prelim grouping,yes,4,type 4
1507139129,(aVLPT2)_R,1,"(9353, 20660, 25736)",R,prelim grouping,yes,5,type 5
5813065458,,1,"(13126, 23659, 26636)",R,prelim grouping,review,5,type 5
1602704738,(aVLPT2)_R,2,"(13409, 22543, 27480)",R,prelim grouping,yes,5,type 5
1631019730,(aVLPT2)_R,2,"(12623, 32905, 25370)",R,prelim grouping,yes,5,type 5
1753751888,(aVLPT2)_R,36,"(12763, 19898, 28110)",R,prelim grouping,yes,5,type 5
1384712714,(aVLPT2)_R,49,"(12944, 31919, 25992)",R,prelim grouping,yes,5,type 5
1628291400,(aVLPT2)_R,60,"(15047, 27954, 29630)",R,prelim grouping,yes,5,type 5
1691310419,(aVLPT2)_R,62,"(13197, 32257, 26080)",R,prelim grouping,yes,5,type 5
1037972384,(pCF1)_R,1,"(18834, 18821, 23169)",R,prelim grouping,,6,type 6
1876565477,(pCF1)_R,1,"(17519, 10066, 18857)",R,prelim grouping,,6,type 6
1258631261,(pCF1)_R,3,"(15959, 8376, 22594)",R,prelim grouping,,6,type 6
1501111926,(pCF1)_R,5,"(17490, 10166, 18222)",R,prelim grouping,,6,type 6
5812987602,(pCF1)_R,11,"(16488, 10518, 17792)",R,prelim grouping,,6,type 6
1347642883,(pCF1)_R,17,"(16252, 18793, 26077)",R,prelim grouping,review,6,type 6
1134146373,(pCF1)_R,18,"(17738, 8417, 20899)",R,prelim grouping,,6,type 6
1750721034,(pCF1)_R,34,"(15768, 8535, 20712)",R,prelim grouping,,6,type 6
1599902570,(PLPF2)_R,1,"(11052, 19864, 25306)",R,prelim grouping,,7,type 7
1540241926,(PLPF2)_R,2,"(14949, 8666, 26094)",R,prelim grouping,yes,7,type 7
1628624182,(PLPF2)_R,9,"(14614, 7555, 29568)",R,prelim grouping,yes,7,type 7
2066509864,(AMVF2)_R,2,2066509864,R,prelim grouping,,8,type 8
1664097010,(AMVF2)_R,4,"(15429, 21768, 33880)",R,prelim grouping,,8,type 8
1691405824,(AMVF2)_R,83,"(13185, 33146, 28538)",R,prelim grouping,,8,type 8
1910328899,(AMVF2)_R,125,"(14031, 33428, 30246)",R,prelim grouping,,8,type 8
1785511781,(AMVF2)_R,126,"(13446, 33009, 29046)",R,prelim grouping,,8,type 8
1134819586,(aVLPT3)_R,25,"(19356, 20840, 19918)",-,prelim grouping,yes,9,type 9
5813055222,(aVLPT3)_R,37,"(14129, 26752, 33814)",-,prelim grouping,,9,type 9
5813090649,(aVLPT3)_R,60,"(14067, 23961, 32396)",-,prelim grouping,,9,type 9
1628317539,,1,"(17579, 19468, 23137)",L,prelim grouping,,10,type 10
1474472195,(PLPF2)_R,8,"(13510, 23805, 30534)",R,prelim grouping,yes,10,type 10
1566247458,,12,"(21307, 16151, 25646)",L,prelim grouping,,10,type 10
1566588022,,14,"(18958, 18061, 23476)",L,prelim grouping,,10,type 10
1540216055,(PLPF2)_R,15,"(13945, 9899, 24738)",R,prelim grouping,,10,type 10
1163808587,(PLPF2)_R,25,"(14842, 19534, 23256)",R,prelim grouping,review,10,type 10
1320290839,(PLPF2)_R,55,"(15110, 8354, 26584)",R,prelim grouping,,10,type 10
5812992706,(PLPF2)_R,60,"(14661, 8130, 26500)",R,prelim grouping,,10,type 10
1103102334,(PLPF2)_R,182,"(12466, 9497, 25544)",R,prelim grouping,,10,type 10
1166186949,(PLPF2)_R,215,"(13122, 9059, 25237)",R,prelim grouping,,10,type 10
5812988820,(PLBDL1)_R,1,"(1442, 13788, 13805)",R,prelim grouping,,11,type 11
1069352248,(lAOTU)_R,35,"(6691, 29175, 18560)",R,prelim grouping,yes,12,type 12
947590512,(LBDL2)_R,48,"(3013, 21813, 18082)",R,prelim grouping,,12,type 12
1256242994,(SMPF)_R,1,"(17175, 19808, 21278)",R,prelim grouping,,13,type 13
644455092,(SMPF)_R,2,"(22236, 30948, 7088)",R,prelim grouping,,13,type 13
1440804168,(SMPF)_R,3,"(22541, 29921, 6204)",R,prelim grouping,,13,type 13
736877989,(SMPF)_R,5,"(16910, 19822, 20896)",R,prelim grouping,,13,type 13
675489962,(SMPF)_R,6,"(21845, 30185, 5626)",R,prelim grouping,,13,type 13
5813130229,(SMPF)_R,6,"(21762, 17710, 17696)",R,prelim grouping,,13,type 13
613756808,(SMPF)_R,15,"(21974, 31071, 6432)",R,prelim grouping,yes,13,type 13
1722422820,,13,"(13812, 28804, 26910)",L,prelim grouping,yes,14,type 14
2099889350,(LLEA)_R,14,"(10321, 24642, 29280)",R,prelim grouping,,14,type 14
1251032454,(PLPF5)_R,1,"(15713, 20303, 27552)",R,prelim grouping,yes,15,type 15
675835107,(SMPF)_R,12,"(23083, 30957, 8534)",R,prelim grouping,,16,type 16
1318114681,FSR*,4,"(34270, 21253, 24112)",L,early grouping,review,18,type 18
5812980291,(PLPF2)_R,160,"(11226, 10909, 22487)",R,prelim grouping,yes,18,type 18
5813054376,(LLEA)_R,1,"(2514, 30301, 27145)",R,early grouping,,19,type 19
1070950293,FSR*,7,"(10869, 20952, 25152)",R,prelim grouping,,19,type 19
1068885266,PVLP-GOR,10,"(4938, 28114, 28046)",R,prelim grouping,,19,type 19
5813053860,FSR*,114,"(18200, 18591, 23979)",L,prelim grouping,,19,type 19
914850280,(pSIPB2)_R,1,"(18552, 18888, 20832)",R,20,,20,type 20
852763122,(pSIPB2)_R,1,"(15378, 21230, 4168)",R,prelim grouping,,20,type 20
821729208,(pSIPB2)_R,2,"(17326, 20945, 4001)",R,prelim grouping,yes,20,type 20
5813010391,(pSIPB2)_R,4,"(16831, 22021, 15566)",R,prelim grouping,,20,type 20
1688737989,FSR*,1,"(10610, 25205, 29546)",L,prelim grouping,yes,21,type 21
1751761966,,1,"(11464, 25733, 29260)",L,prelim grouping,yes,21,type 21
1907920694,(aVLPT2)_R,21,"(13502, 32132, 25460)",R,prelim grouping,yes,21,type 21
1630678915,(aVLPT2)_R,28,"(13803, 31171, 24596)",R,prelim grouping,yes,21,type 21
5813024035,PLP-AMMC(aVLPT2)_R,57,"(13975, 31811, 25639)",R,prelim grouping,yes,21,type 21
1383383062,(hVLPF1)_R,1,"(3214, 28991, 22162)",R,prelim grouping,,22,type 22
1499048899,(aVLPT3)_R,1,"(15760, 21114, 27552)",R,prelim grouping,yes,22,type 22
5813027235,(hVLPF1)_R,1,"(3609, 29835, 22199)",R,prelim grouping,,22,type 22
1535144397,(aVLPT3)_R,14,"(13172, 15936, 26262)",R,prelim grouping,yes,22,type 22
1535488185,(aVLPT1)_R,16,"(14152, 29918, 31248)",R,prelim grouping,,22,type 22
5813040309,(aVLPT1)_R,20,"(7450, 30966, 31860)",R,prelim grouping,,22,type 22
1849559181,,23,"(15855, 24343, 32790)",-,prelim grouping,no,23,type 23
2220669844,(vent1)_R,1,"(12932, 25974, 35580)",R,prelim grouping,yes,24,type 24
2065158506,(vent1)_R,1,"(12743, 22106, 34594)",R,prelim grouping,yes,24,type 24
2406162924,,2,"(13520, 21980, 34048)",-,prelim grouping,,24,type 24
2346510018,(vent1)_R,2,"(14082, 19804, 36208)",-,prelim grouping,review,24,type 24
5813024910,(vent1)_R,2,"(13045, 24099, 35725)",R,prelim grouping,yes,24,type 24
2032760275,(vent1)_R,2,"(13648, 23655, 35928)",,prelim grouping,,24,type 24
5812990975,(vent1)_R,2,"(10978, 24424, 38405)",R,prelim grouping,review,24,type 24
2158246363,(vent1)_R,3,"(15332, 30764, 34112)",R,prelim grouping,yes,24,type 24
2096846027,(vent1)_R,7,"(12182, 22817, 33327)",R,prelim grouping,yes,24,type 24
2067852579,(vent1)_R,8,"(11634, 24526, 38806)",R,prelim grouping,,24,type 24
2095498288,FSR*,17,"(13867, 25841, 34578)",R,prelim grouping,yes,24,type 24
2096500397,(vent1)_R,18,"(10844, 25660, 36876)",R,prelim grouping,yes,24,type 24
5813055439,(vent1)_R,27,"(11137, 26131, 37574)",R,prelim grouping,yes,24,type 24
5813069068,(vent1)_R,28,"(11405, 22276, 32848)",R,prelim grouping,yes,24,type 24
5901219755,,35,"(12446, 24222, 33218)",-,prelim grouping,,24,type 24
5813013830,,1,"(18918, 21733, 16095)",L,prelim grouping,,26,type 26
1131149474,,3,"(18023, 21594, 18518)",L,prelim grouping,,26,type 26
1131485858,FSR*,5,"(15497, 23183, 20418)",L,prelim grouping,,26,type 26
1322025494,(PLPF3)_R,2,"(18595, 18038, 23136)",R,prelim grouping,,27,type 27
1073729578,(PLPF3)_R,6,"(7347, 12654, 17632)",R,prelim grouping,yes,27,type 27
1633686836,(aVT1)_R,7,"(14667, 23824, 31308)",-,prelim grouping,,28,type 28
1972032140,(aVT1)_R,34,"(15754, 22942, 31756)",-,prelim grouping,,28,type 28
1785502810,FSR*,86,"(11442, 25978, 30046)",-,prelim grouping,,28,type 28
2033817015,(AMVF2)_R,1,"(15446, 33283, 32180)",R,prelim grouping,,29,type 29
1813901048,(AMVF2)_R,4,"(16342, 23975, 33664)",R,prelim grouping,,29,type 29
1813840510,FSR*,5,"(14417, 19468, 27092)",L,prelim grouping,yes,29,type 29
1813900946,(AMVF2)_R,5,"(15811, 34401, 32304)",R,prelim grouping,,29,type 29
5813017691,FSR*,7,"(13206, 20593, 29592)",L,prelim grouping,yes,29,type 29
1813559869,(AMVF2)_R,7,"(14019, 33798, 31864)",R,prelim grouping,,29,type 29
1813901059,(AMVF2)_R,7,"(15487, 34564, 31890)",R,prelim grouping,,29,type 29
1813529619,,10,"(14309, 19666, 27656)",L,prelim grouping,yes,29,type 29
1813222721,(AMVF2)_R,12,"(13811, 32300, 30208)",R,prelim grouping,,29,type 29
1971039570,,22,"(25696, 16510, 25072)",L,prelim grouping,yes,29,type 29
1970698685,(AMVF2)_R,59,"(15993, 30219, 32475)",R,prelim grouping,,29,type 29
1813206171,(AMVF2)_R,60,"(13734, 31035, 28740)",R,prelim grouping,,29,type 29
2221053439,(AMVF2)_R,1,"(14668, 35197, 29979)",R,prelim grouping,,30,type 30
1908628383,FSR*,6,"(14722, 19393, 28520)",L,prelim grouping,yes,30,type 30
1813887867,FSR*,7,"(15211, 19358, 28334)",L,prelim grouping,yes,30,type 30
1876276621,(AMVF2)_R,8,"(14087, 33358, 32046)",R,prelim grouping,,30,type 30
2158979725,(AMVF2)_R,13,"(14576, 34675, 30184)",R,prelim grouping,,30,type 30
5813069246,,19,"(16124, 19723, 27998)",L,prelim grouping,yes,30,type 30
1813256823,,32,"(15143, 20473, 28734)",L,prelim grouping,yes,30,type 30
1813235278,(AMVF2)_R,33,"(15318, 32452, 32499)",R,prelim grouping,,30,type 30
2065192873,(AMVF2)_R,57,"(14862, 31784, 32604)",R,prelim grouping,,30,type 30
5813034529,FSR*,26,"(13098, 27118, 34298)",R,prelim grouping,yes,31,type 31
2002406419,FSR*,27,"(14167, 27019, 33470)",R,prelim grouping,,31,type 31
2222370777,,34,"(14966, 31481, 34764)",R,prelim grouping,yes,31,type 31
2188590741,(vent1)_R,1,"(12050, 20897, 40074)",R,prelim grouping,yes,33,type 33
2155833665,(vent1)_R,1,"(12075, 24613, 38598)",R,prelim grouping,yes,33,type 33
2156873528,(vent1)_R,4,"(10491, 22188, 32380)",R,prelim grouping,yes,33,type 33
2095481215,(vent1)_R,5,"(11152, 27134, 37248)",R,prelim grouping,yes,33,type 33
5813019191,(vent1)_R,13,"(14198, 23137, 34969)",-,prelim grouping,yes,33,type 33
2126857473,(vent1)_R,18,"(11601, 25814, 37766)",R,prelim grouping,yes,33,type 33
5813040280,(vent1)_R,32,"(11386, 25178, 37936)",R,prelim grouping,yes,33,type 33
2067153349,(AVF2)_R,1,"(7193, 29158, 32337)",R,prelim grouping,yes,39,type 39
2065814899,(AVF2)_R,3,"(7659, 28239, 33612)",R,prelim grouping,yes,39,type 39
5813025549,(AVF2)_R,5,"(14687, 26619, 34172)",R,prelim grouping,yes,39,type 39
2253750781,FSR*,54,"(20888, 18386, 37077)",-,early grouping,yes,41,type 41
5813023106,(PLPF2)_R,1,"(12961, 8709, 31905)",R,prelim grouping,review,46,type 46
5813031663,(PLPF2)_R,3,"(11943, 10322, 28467)",R,prelim grouping,review,46,type 46
5813018508,(PLPF2)_R,3,"(12286, 9864, 26298)",R,prelim grouping,,46,type 46
1044343952,(hVLPF1)_R,1,"(3747, 30721, 26334)",R,prelim grouping,,49,type 49
1195870226,(hVLPF1)_R,5,"(13294, 30134, 26702)",R,prelim grouping,yes,49,type 49
5813022591,(SMPF)_R,14,"(19773, 16173, 31010)",R,prelim grouping,yes,50,type 50
5813058342,(SMPF)_R,21,"(22959, 30535, 7919)",R,prelim grouping,review,50,type 50
5813083315,Upstream>pMP8,5,"(25530, 21151, 12138)",-,prelim grouping,,52,type 52
1632309827,(LLEA)_R,1,"(13493, 19091, 28320)",R,early grouping,review,54,type 54
1627643971,(pCF1)_R,3,"(17257, 19322, 22508)",R,prelim grouping,,56,type 56
1661329404,FSR*,2,"(11012, 20125, 24936)",L,prelim grouping,yes,57,type 57
1722686768,,2,"(13570, 20977, 26082)",L,prelim grouping,yes,57,type 57
1630678924,(aVLPT2)_R,3,"(13213, 31964, 26808)",R,prelim grouping,yes,57,type 57
1720454234,FSR*,3,"(25881, 16903, 23786)",L,prelim grouping,yes,57,type 57
1845846189,FSR*,6,"(15232, 19916, 27342)",L,prelim grouping,yes,57,type 57
1877222526,,7,"(9412, 21374, 30280)",L,prelim grouping,yes,57,type 57
2002009324,,12,"(8870, 25013, 29736)",L,prelim grouping,,57,type 57
1731605047,(aVLPT2)_R,13,"(13762, 31874, 24557)",R,prelim grouping,yes,57,type 57
1751761973,FSR*,15,"(10428, 19912, 28080)",L,prelim grouping,no,57,type 57
1783124404,,15,"(10652, 19968, 27208)",L,prelim grouping,yes,57,type 57
5813023617,(aVLPT2)_R,29,"(13922, 21720, 30597)",R,prelim grouping,yes,57,type 57
1600666677,(aVLPT2)_R,45,"(11610, 32090, 22096)",R,prelim grouping,,57,type 57
1783129068,,55,"(12276, 20782, 29404)",L,prelim grouping,yes,57,type 57
5813027050,(aVLPT2)_R,60,"(12976, 32189, 23095)",R,prelim grouping,,57,type 57
1783128580,,69,"(13259, 19964, 26087)",L,early grouping,,57,type 57
1632996774,(aVLPT2)_R,3,"(12165, 32857, 26357)",R,prelim grouping,yes,58,type 58
5812990292,(aVLPT2)_R,3,"(9637, 19634, 25290)",R,prelim grouping,yes,58,type 58
1630342124,(aVLPT2)_R,4,"(13491, 32302, 24855)",R,prelim grouping,yes,58,type 58
1720109208,,5,"(16293, 18029, 24856)",L,prelim grouping,yes,58,type 58
5813055019,(aVLPT2)_R,5,"(12603, 31645, 23040)",R,prelim grouping,yes,58,type 58
1507834915,(aVLPT2)_R,17,"(12235, 32703, 24944)",R,prelim grouping,yes,58,type 58
5812995833,,20,"(17993, 20372, 24959)",L,prelim grouping,yes,58,type 58
1568561101,(aVLPT2)_R,43,"(13181, 21518, 29924)",R,prelim grouping,yes,58,type 58
1691742475,,45,"(15540, 20345, 26397)",L,prelim grouping,yes,58,type 58
1598296804,(aVLPT2)_R,53,"(12361, 22481, 30715)",R,prelim grouping,,58,type 58
1691077768,,60,"(15377, 19477, 26287)",L,prelim grouping,,58,type 58
1691742201,,62,"(18676, 19768, 24190)",L,prelim grouping,yes,58,type 58
5813021583,(AEF4)_R,10,"(10224, 32878, 21720)",R,prelim grouping,yes,59,type 59
1598944549,(aVLPT2)_R,1,"(12943, 32641, 23336)",R,prelim grouping,,62,type 62
1722708360,(aVLPT2)_R,1,"(12946, 32840, 25123)",R,prelim grouping,yes,62,type 62
1598586139,(aVLPT2)_R,2,"(12020, 33006, 23666)",R,prelim grouping,yes,62,type 62
1629996612,(aVLPT2)_R,2,"(15697, 21103, 27469)",R,prelim grouping,yes,62,type 62
796733478,(PLPF2)_R,2,"(11575, 11934, 20530)",R,prelim grouping,yes,63,type 63
2036131300,(PLPF2)_R,1,"(13328, 22041, 28733)",R,prelim grouping,yes,64,type 64
5813054797,(PLPF2)_R,1,"(11537, 9125, 26635)",R,prelim grouping,yes,64,type 64
1753415237,,1,"(11624, 21268, 25613)",L,prelim grouping,yes,64,type 64
5812995124,(PLPF2)_R,1,"(13304, 9177, 27224)",R,prelim grouping,yes,64,type 64
1718287247,(PLPF2)_R,2,"(12444, 9879, 25944)",,prelim grouping,,64,type 64
1784795598,(PLPF2)_R,3,"(12306, 10114, 28726)",R,prelim grouping,yes,64,type 64
1814841869,(PLPF2)_R,3,"(11594, 9929, 25098)",R,prelim grouping,,64,type 64
1846886284,(PLPF2)_R,4,"(13263, 8732, 29616)",R,prelim grouping,yes,64,type 64
1815165718,(PLPF2)_R,5,"(12453, 9680, 27258)",R,prelim grouping,yes,64,type 64
1721141438,FSR*,5,"(13196, 22642, 25504)",L,prelim grouping,yes,64,type 64
1814846802,(PLPF2)_R,5,"(13250, 8609, 30456)",R,prelim grouping,,64,type 64
1845876142,(PLPF2)_R,10,"(13259, 24764, 31781)",R,prelim grouping,yes,64,type 64
729621875,ICL-SCL(hLHT1)_R,2,"(1892, 22566, 11892)",R,prelim grouping,,65,type 65
885168486,(hLHT1)_R,3,"(2501, 22087, 15100)",R,prelim grouping,yes,65,type 65
1628973439,,147,"(12766, 20245, 25538)",L,prelim grouping,,67,type 67
1570565128,(aVLPT2)_R,42,"(11864, 20117, 27324)",R,prelim grouping,yes,68,type 68
5813069594,(PLPF4)_R,1,"(8300, 11730, 22956)",R,prelim grouping,,69,type 69
1594795610,(PLPF4)_R,55,"(6322, 13143, 18871)",R,prelim grouping,,69,type 69
1534798522,(PLPF1)_R,1,"(2627, 11573, 15565)",R,prelim grouping,yes,70,type 70
1719643238,FSR*,17,"(11391, 20760, 29454)",R,prelim grouping,yes,70,type 70
1375845363,(PLPF1)_R,26,"(6458, 12802, 17316)",R,prelim grouping,yes,70,type 70
1535221311,FSR*,30,"(28992, 18284, 23398)",L,prelim grouping,yes,71,type 71
5813068925,(LLEA)_R,114,"(5319, 27923, 28664)",R,prelim grouping,yes,71,type 71
1100041650,(SMPF)_R,7,"(19431, 30307, 5838)",R,prelim grouping,,72,type 72
856886459,(SMPF)_R,25,"(22671, 31846, 5912)",R,prelim grouping,yes,72,type 72
673772212,(SMPF)_R,31,"(21551, 32716, 7480)",R,prelim grouping,,72,type 72
829542849,(SMPF)_R,68,"(17223, 19396, 23368)",R,prelim grouping,,72,type 72
675490252,(SMPF)_R,96,"(22152, 31633, 7946)",R,prelim grouping,yes,72,type 72
5813021922,SCL-AVLP_R_001,1,5813055439,R,prelim grouping,,73,type 73
1844223096,FSR*,4,"(16379, 18965, 26370)",L,prelim grouping,yes,75,type 75
5813068559,(AVF5)_R,91,"(5919, 29682, 28272)",R,prelim grouping,,78,type 78
5813027278,(lVLPT5)_R,4,"(13617, 25512, 32658)",R,prelim grouping,review,79,type 79
1663021115,,7,"(13797, 24532, 29076)",-,prelim grouping,yes,80,type 80
5813063093,,3,"(3535, 16980, 17108)",R,prelim grouping,,81,type 81
517086196,(aAVLP2)_R,34,"(11707, 34436, 22800)",R,prelim grouping,,82,type 82
947582284,ICL-LAL(LEF)_R,43,"(11953, 9508, 20058)",R,prelim grouping,,83,type 83
727302430,(pSM2)_R,10,"(21217, 18741, 7386)",R,prelim grouping,,84,type 84
1722492574,(aVT2)_R,9,"(24461, 19283, 25120)",-,prelim grouping,,85,type 85
1573336031,(hLHT5)_R,12,"(3155, 22470, 15648)",R,prelim grouping,,86,type 86
5813054317,(AVF1)_R,2,"(17994, 19510, 23815)",R,prelim grouping,,88,type 88
1322984572,(AVF1)_R,2,"(13334, 22082, 28466)",R,prelim grouping,,88,type 88
1347979604,(PLPF1)_R,6,"(3205, 13560, 14066)",R,prelim grouping,,90,type 90
1597287219,,11,"(22250, 16817, 31233)",-,early grouping,,91,type 91
2036510940,(aVLPT3)_R,7,"(18289, 17286, 33652)",R,prelim grouping,,93,type 93
1288953551,(aVT2)_R,5,"(20942, 16937, 24832)",-,prelim grouping,yes,96,type 96
2375213707,,2,"(14550, 23115, 30582)",-,prelim grouping,,100,type 100
889838921,(AVF3)_R,3,"(5392, 26239, 20192)",-,prelim grouping,,101,type 101
1906305419,,12,"(21934, 16925, 26556)",-,prelim grouping,,102,type 102
1197455268,,15,"(14565, 23067, 27896)",-,prelim grouping,,104,type 104
1134107162,(MEF)_R,1,"(17167, 20229, 20838)",R,prelim grouping,yes,108,type 108
1040004619,(LEF)_R,1,"(13706, 9654, 20032)",R,prelim grouping,yes,109,type 109
5813021574,(pSM2)_R,26,"(22371, 17552, 8604)",R,prelim grouping,,110,type 110
5813021112,(PLPF2)_R,224,"(10924, 10479, 23256)",R,prelim grouping,,111,type 111
5813060067,FSR*,1,"(19139, 18050, 31932)",R,prelim grouping,yes,115,type 115
5813056435,,2,"(14390, 24388, 35678)",-,prelim grouping,,116,type 116
5813057178,(LEF)_R,2,"(14505, 19460, 23050)",R,prelim grouping,yes,119,type 119
1417768398,(aVLPT3)_R,3,"(13132, 30846, 35864)",R,prelim grouping,yes,120,type 120
1135441187,(hLHT5)_R,34,"(11782, 24329, 23084)",R,prelim grouping,,122,type 122
792326206,(hLHT5)_R,239,2156873528,R,prelim grouping,,123,type 123
702618710,,2,5813040280,-,prelim grouping,,124,type 124
5813039148,,3,"(11573, 13739, 26940)",,new type,,125,type 125
1321564092,AVLP-AVLP(LBDL2)_R,1,2126857473,R,prelim grouping,review,130,type 130
1411737459,(aSIP2)_R,193,"(11030, 24425, 24800)",R,prelim grouping,,131,type 131
954705691,(PLPF3)_R,1,"(9062, 10450, 16740)",R,prelim grouping,yes,aIP,aIP
2161647993,FSR*,4,"(12418, 23449, 36818)",,to be grouped,,Anterior type 1,Anterior type 1
5813034870,FSR*,4,"(13357, 24419, 30842)",,to be grouped,,Anterior type 1,Anterior type 1
2287181377,,4,"(15543, 26885, 32580)",,to be grouped,,Anterior type 1,Anterior type 1
5812992250,FSR*,4,"(12460, 22896, 36140)",,to be grouped,,Anterior type 1,Anterior type 1
1722764125,FSR*,6,"(11895, 25322, 33256)",,to be grouped,,Anterior type 1,Anterior type 1
1916459566,FSR*,11,"(12580, 28130, 31452)",,to be grouped,,Anterior type 1,Anterior type 1
1876907399,FSR*,33,"(12452, 24117, 33023)",,to be grouped,,Anterior type 1,Anterior type 1
2065132470,,33,"(11858, 25649, 32990)",,to be grouped,,Anterior type 1,Anterior type 1
2065158112,,36,"(11934, 25691, 32518)",,to be grouped,,Anterior type 1,Anterior type 1
2034123290,,58,"(11765, 24989, 35135)",,to be grouped,,Anterior type 1,Anterior type 1
2283771964,,1,"(15869, 23896, 32712)",,to be grouped,,Anterior type 2,Anterior type 2
1787541322,,2,"(19520, 20101, 33390)",-,to be grouped,,Anterior type 2,Anterior type 2
1728536671,,3,"(12681, 25225, 29338)",,to be grouped,,Anterior type 2,Anterior type 2
1353000905,,3,"(13054, 26334, 32112)",,to be grouped,,Anterior type 2,Anterior type 2
1664040834,Upstream>aSP10,4,"(15705, 20664, 28540)",,to be grouped,,Anterior type 2,Anterior type 2
1822659562,,5,"(15145, 24475, 32272)",,to be grouped,,Anterior type 2,Anterior type 2
1099912501,FSR*,5,"(11569, 17184, 22949)",,to be grouped,,Anterior type 2,Anterior type 2
1937924009,FSR*,5,"(14621, 25994, 31772)",,to be grouped,,Anterior type 2,Anterior type 2
2283779961,,6,"(18648, 22131, 33239)",,to be grouped,,Anterior type 2,Anterior type 2
5813093048,FSR*,7,"(17930, 22485, 33728)",,to be grouped,,Anterior type 2,Anterior type 2
2096525840,,14,"(15162, 24456, 32512)",,to be grouped,,Anterior type 2,Anterior type 2
2031032549,FSR*,1,"(14614, 22581, 31648)",,to be grouped,,Anterior type 3,Anterior type 3
2222029255,,1,"(14072, 23941, 35923)",,to be grouped,,Anterior type 3,Anterior type 3
2221006570,,1,"(13568, 21672, 33807)",,to be grouped,,Anterior type 3,Anterior type 3
2348910257,,1,"(14285, 27340, 36121)",,to be grouped,,Anterior type 3,Anterior type 3
2285118496,,1,"(14569, 26359, 35134)",,to be grouped,,Anterior type 3,Anterior type 3
2347870352,FSR*,1,"(14616, 26655, 34592)",,to be grouped,,Anterior type 3,Anterior type 3
2279334086,FSR*,1,"(15771, 19792, 36032)",,to be grouped,,Anterior type 3,Anterior type 3
2283421947,,1,"(13425, 22871, 36271)",,to be grouped,,Anterior type 3,Anterior type 3
2406533539,,1,"(15223, 24826, 34595)",,to be grouped,,Anterior type 3,Anterior type 3
5813027282,,2,"(12075, 23281, 32482)",,to be grouped,,Anterior type 3,Anterior type 3
2346518646,,2,"(14307, 23051, 33806)",,to be grouped,,Anterior type 3,Anterior type 3
2347895657,,2,"(15796, 27744, 34515)",,to be grouped,,Anterior type 3,Anterior type 3
5813067020,,2,"(15203, 29167, 35753)",,to be grouped,,Anterior type 3,Anterior type 3
2376194110,,2,"(16030, 23428, 34052)",,to be grouped,,Anterior type 3,Anterior type 3
2097194758,FSR*,2,"(11266, 25590, 32083)",,to be grouped,,Anterior type 3,Anterior type 3
2312061045,,3,"(13380, 20963, 32599)",,to be grouped,,Anterior type 3,Anterior type 3
2157206476,(vent1)_R,3,"(12606, 22912, 35043)",,to be grouped,,Anterior type 3,Anterior type 3
5813027081,FSR*,3,"(15127, 27650, 33779)",,to be grouped,,Anterior type 3,Anterior type 3
5813018686,,4,"(14659, 28519, 35811)",,to be grouped,,Anterior type 3,Anterior type 3
2409283844,,5,"(16839, 27338, 33926)",,to be grouped,,Anterior type 3,Anterior type 3
5812992723,,7,"(14808, 24660, 33379)",,to be grouped,,Anterior type 3,Anterior type 3
2346182454,,8,"(15152, 24003, 34851)",,to be grouped,,Anterior type 3,Anterior type 3
2284777374,FSR*,10,"(14671, 29907, 34263)",,to be grouped,,Anterior type 3,Anterior type 3
1938260447,FSR*,11,"(14226, 19840, 28802)",,to be grouped,,Anterior type 3,Anterior type 3
2099569065,FSR*,11,"(14630, 30916, 34660)",,to be grouped,,Anterior type 3,Anterior type 3
5813063231,FSR*,13,"(13745, 24847, 35866)",,to be grouped,,Anterior type 3,Anterior type 3
2283085439,,17,"(16507, 23347, 33746)",,to be grouped,,Anterior type 3,Anterior type 3
2350615474,,23,"(14330, 26326, 35524)",,to be grouped,,Anterior type 3,Anterior type 3
5813023621,,25,"(14703, 27411, 34132)",,to be grouped,,Anterior type 3,Anterior type 3
5813018687,FSR*,26,"(15963, 27151, 33024)",,to be grouped,,Anterior type 3,Anterior type 3
2316502686,FSR*,42,"(13833, 25810, 35024)",,to be grouped,,Anterior type 3,Anterior type 3
5813024031,,61,"(15013, 27578, 34848)",,to be grouped,,Anterior type 3,Anterior type 3
2222414812,FSR*,98,"(16541, 25945, 33217)",,to be grouped,,Anterior type 3,Anterior type 3
2127219419,FSR*,103,"(15240, 26768, 35958)",,to be grouped,,Anterior type 3,Anterior type 3
1535885253,,2,"(20772, 16961, 24294)",L,to be grouped,,Bilateral tract,Bilateral tract
1628641065,FSR*,4,"(14508, 20393, 25566)",L,to be grouped,,Bilateral tract,Bilateral tract
5813024015,DN?(LEF)_R,1,"(14551, 18158, 22039)",R,prelim grouping,,DNp02,DNp02
5813023322,PVLP-(LEF)_R,11,"(12523, 10796, 19900)",,prelim grouping,,DNp06,DNp06
1497973422,PVLP(PLPF2)(GC)_R,1,"(13826, 26875, 36064)",R,prelim grouping,,GCI,GCI
5813070019,PVLP(PLPF2)(GC)_R,4,"(33556, 20423, 25830)",,prelim grouping,,GCI,GCI
5813069288,Axon(GC),55,"(19615, 18799, 25150)",,prelim grouping,,GCI,GCI
5813050787,Axon(GC),77,"(24849, 18337, 24992)",,prelim grouping,,GCI,GCI
1381389069,-ICL(GC),98,"(17998, 19489, 24703)",L,prelim grouping,,GCI,GCI
2477500932,,1,"(16981, 29982, 36197)",,JO,,JO,JO
5812998080,FSR*,1,"(18253, 22001, 34306)",,JO,,JO,JO
5813107136,JO-A/B/C,1,"(14038, 26240, 34098)",,JO,,JO,JO
2411653352,JO-A/B/C,1,"(14924, 28899, 34852)",,JO,,JO,JO
2317867089,JO-A/B/C,1,"(15644, 30422, 35338)",,JO,,JO,JO
5813026023,JO-A/B/C,1,"(15858, 30316, 33797)",,JO,,JO,JO
5813068406,JO-A/B/C,1,"(15608, 32484, 34502)",,JO,,JO,JO
2316843746,JO-A/B/C,2,"(15603, 31718, 33211)",,JO,,JO,JO
2382332652,JO-A/B/C,2,"(15730, 32369, 33919)",,JO,,JO,JO
2410967137,JO-A/B/C,2,"(14126, 26415, 36198)",,JO,,JO,JO
2411321234,JO-A/B/C,2,"(15728, 30855, 34177)",,JO,,JO,JO
2472354934,JO-A/B/C,2,"(13736, 26403, 35623)",,JO,,JO,JO
5813018683,JO-A/B/C,2,"(15901, 30866, 35070)",,JO,,JO,JO
2286836128,JO-A/B/C,3,"(15131, 29841, 32952)",,JO,,JO,JO
2317197779,JO-A/B/C,3,"(15930, 27671, 32602)",,JO,,JO,JO
2349242954,JO-A/B/C,3,"(16899, 30943, 35178)",,JO,,JO,JO
2383014739,JO-A/B/C,3,"(15613, 32797, 33635)",,JO,,JO,JO
2532046045,JO-A/B/C,3,"(15274, 24895, 35937)",,JO,,JO,JO
2409275147,JO-A/B/C,4,"(15509, 26347, 34638)",-,JO,review,JO,JO
2533746821,JO-A/B/C,4,"(14585, 26415, 36055)",,JO,,JO,JO
2285813669,JO-A/B/C,4,"(14769, 29937, 33072)",,JO,,JO,JO
5812998086,JO-A/B/C,4,"(14371, 23407, 35150)",,JO,,JO,JO
5813006296,JO-A/B/C,4,"(15913, 32902, 33446)",,JO,,JO,JO
5813040677,,4,"(14723, 32529, 35454)",,JO,,JO,JO
2409965772,JO-A/B/C,5,"(17211, 32024, 35583)",,JO,,JO,JO
2508194988,JO-A/B/C,5,"(16912, 32705, 35368)",,JO,,JO,JO
2378257493,JO-A/B/C,6,"(16679, 23978, 33702)",,JO,,JO,JO
2377903039,JO-A/B/C,7,"(15903, 25968, 35360)",-,JO,yes,JO,JO
2377566785,JO-A/B/C,7,"(17296, 27642, 33316)",,JO,,JO,JO
5813006594,JO-A/B/C,7,"(14493, 22052, 34306)",,JO,,JO,JO
5813006921,JO-A/B/C,7,"(16875, 27558, 36617)",,JO,,JO,JO
2532727986,JO-A/B/C,8,"(14754, 24606, 35872)",,JO,,JO,JO
2377221246,JO-A/B/C,8,"(14879, 27157, 35576)",,JO,,JO,JO
2378594464,JO-A/B/C,8,"(17559, 29075, 33659)",,JO,,JO,JO
2410302463,JO-A/B/C,8,"(17182, 29624, 36300)",,JO,,JO,JO
5813007438,JO-A/B/C,8,"(16735, 29260, 35806)",,JO,,JO,JO
2377221619,JO-A/B/C,9,"(16731, 26746, 33388)",,JO,,JO,JO
2378240017,JO-A/B/C,9,"(17301, 31496, 35456)",,JO,,JO,JO
2378935153,JO-A/B/C,9,"(15023, 24682, 35809)",,JO,,JO,JO
2535465130,JO-A/B/C,9,"(17047, 29646, 36618)",,JO,,JO,JO
5813008197,JO-A/B/C,9,"(16571, 27254, 36354)",,JO,,JO,JO
5813023101,JO-A/B/C,9,"(17207, 31828, 35281)",,JO,,JO,JO
2470999476,JO-A/B/C,10,"(14819, 24776, 35226)",,JO,,JO,JO
2348927693,JO-A/B/C,10,"(16841, 32638, 33379)",,JO,,JO,JO
2384068203,JO-A/B/C,10,"(17925, 30119, 34862)",,JO,,JO,JO
2385436621,JO-A/B/C,10,"(16460, 28746, 35573)",,JO,,JO,JO
2472376250,JO-A/B/C,10,"(17166, 31853, 35134)",,JO,,JO,JO
2443392355,JO-A/B/C,12,"(16942, 31703, 35132)",,JO,,JO,JO
2409616020,JO-A/B/C,13,"(16193, 27487, 34856)",,JO,,JO,JO
2532041662,JO-A/B/C,13,"(14401, 23531, 35936)",,JO,,JO,JO
2347209856,JO-A/B/C,14,"(17403, 31607, 34961)",,JO,,JO,JO
5813066705,JO-A/B/C,14,"(15222, 29287, 32774)",,JO,,JO,JO
5812998937,JO-A/B/C,15,"(13954, 24027, 34252)",-,JO,,JO,JO
2315483773,JO-A/B/C,15,"(15795, 26995, 32621)",,JO,,JO,JO
2472026764,JO-A/B/C,15,"(15195, 25602, 35850)",,JO,,JO,JO
5813034868,JO-A/B/C,15,"(16886, 29859, 34747)",,JO,,JO,JO
5813039507,JO-A/B/C,16,"(16816, 29673, 34552)",,JO,,JO,JO
2317871147,JO-A/B/C,19,"(15076, 25766, 35909)",,JO,,JO,JO
2376526540,JO-A/B/C,19,"(14308, 23639, 35716)",,JO,,JO,JO
2501693123,JO-A/B/C,20,"(14768, 25958, 35053)",,JO,,JO,JO
2378248516,JO-A/B/C,20,"(17617, 28736, 33830)",,JO,,JO,JO
2439964429,JO-A/B/C,20,"(17258, 31979, 35460)",,JO,,JO,JO
2471676938,JO-A/B/C,20,"(14143, 26419, 35893)",,JO,,JO,JO
1816205744,JO-A/B/C,21,"(15635, 20967, 26330)",,JO,,JO,JO
2534087947,JO-A/B/C,23,"(14295, 26717, 35986)",,JO,,JO,JO
2378935423,JO-A/B/C,26,"(16530, 31300, 33981)",,JO,,JO,JO
2470317344,JO-A/B/C,26,"(14343, 23042, 35875)",,JO,,JO,JO
5813006291,JO-A/B/C,26,"(16259, 29052, 33148)",,JO,,JO,JO
2378930791,JO-A/B/C,27,"(16802, 29807, 34972)",,JO,,JO,JO
2317875523,JO-A/B/C,28,"(16758, 31912, 34812)",,JO,,JO,JO
5813034341,JO-A/B/C,29,"(16413, 31267, 34276)",,JO,,JO,JO
2410988863,JO-A/B/C,30,"(16507, 31023, 34086)",,JO,,JO,JO
2379271978,JO-A/B/C,32,"(16961, 31382, 34836)",,JO,,JO,JO
2221010328,JO-A/B/C,33,"(16540, 29593, 34692)",,JO,,JO,JO
5813006614,JO-A/B/C,35,"(15683, 28258, 34242)",,JO,,JO,JO
2379595914,JO-A/B/C,40,"(13742, 28147, 34633)",,JO,,JO,JO
5813006933,JO-A/B/C,41,"(16614, 30223, 33853)",,JO,,JO,JO
2349242595,JO-A/B/C,46,"(16673, 32442, 34507)",,JO,,JO,JO
2409611656,JO-A/B/C,50,"(15389, 26601, 34038)",,JO,,JO,JO
2439964310,JO-A/B/C,51,"(15851, 28561, 35168)",,JO,,JO,JO
5813006315,JO-A/B/C,51,"(16270, 32226, 33258)",,JO,,JO,JO
1503999967,LC4,19,"(11611, 18631, 27603)",R,LC4,,LC4,LC4
1281303666,LC4,20,"(8939, 20411, 31474)",R,LC4,,LC4,LC4
2215161310,LC4,20,"(9208, 15254, 31608)",R,LC4,,LC4,LC4
1218901359,LC4,21,"(4811, 10955, 21586)",R,LC4,,LC4,LC4
1466861327,LC4,23,"(6118, 13500, 24036)",R,LC4,,LC4,LC4
1498574596,LC4,23,"(3355, 12352, 24048)",R,LC4,,LC4,LC4
1937875810,LC4,24,"(7635, 22446, 31766)",R,LC4,,LC4,LC4
1874035952,LC4,25,"(1322, 15093, 28574)",R,LC4,,LC4,LC4
1405780725,LC4,26,"(2643, 13447, 22778)",R,LC4,,LC4,LC4
1877939213,LC4,26,"(9113, 17472, 33360)",R,LC4,,LC4,LC4
1938207942,LC4,27,"(7485, 22630, 32204)",R,LC4,,LC4,LC4
1907924777,LC4,27,"(8861, 19105, 28667)",R,LC4,,LC4,LC4
1158187240,LC4,28,"(6288, 15571, 24656)",R,LC4,,LC4,LC4
1471601440,LC4,28,"(245, 17169, 21005)",R,LC4,,LC4,LC4
1749258134,LC4,28,"(4661, 14540, 24608)",R,LC4,,LC4,LC4
1906159299,LC4,29,"(5326, 12468, 29984)",R,LC4,,LC4,LC4
5812998136,LC4,29,"(8530, 20613, 30824)",R,LC4,,LC4,LC4
5813061197,LC4,29,"(3800, 11411, 22264)",R,LC4,,LC4,LC4
1810956698,LC4,30,"(5899, 16024, 26392)",R,LC4,,LC4,LC4
1251287671,LC4,31,"(5858, 16773, 25004)",R,LC4,,LC4,LC4
1590979045,LC4,31,"(3840, 11536, 24986)",R,LC4,,LC4,LC4
1876902545,LC4,31,"(299, 20054, 22762)",R,LC4,,LC4,LC4
1838257401,LC4,32,"(9057, 20054, 30758)",R,LC4,,LC4,LC4
1839288696,LC4,32,"(10685, 19727, 28560)",R,LC4,,LC4,LC4
1845078711,LC4,32,"(9880, 19113, 28482)",R,LC4,,LC4,LC4
1877217777,LC4,32,"(3158, 21890, 25168)",R,LC4,,LC4,LC4
1907169406,LC4,32,"(10195, 19787, 28987)",R,LC4,,LC4,LC4
1936848448,LC4,32,"(2396, 14750, 30240)",R,LC4,,LC4,LC4
5813069053,LC4,32,"(9254, 20745, 32096)",R,LC4,,LC4,LC4
5813069377,LC4,32,"(10560, 19607, 29280)",R,LC4,,LC4,LC4
1158864995,LC4,34,"(6989, 18301, 26808)",R,LC4,,LC4,LC4
1876471221,LC4,35,"(11323, 19926, 28726)",R,LC4,,LC4,LC4
5813000577,LC4,35,"(8785, 20937, 30970)",R,LC4,,LC4,LC4
1688505620,LC4,36,"(10418, 18683, 28020)",R,LC4,,LC4,LC4
1907578957,LC4,36,"(10952, 18665, 27436)",R,LC4,,LC4,LC4
2121711447,LC4,36,"(7330, 13089, 33126)",R,LC4,,LC4,LC4
1438524573,LC4,37,"(619, 16250, 22322)",R,LC4,,LC4,LC4
1745821751,LC4,37,"(10780, 19915, 28781)",R,LC4,,LC4,LC4
1840636280,LC4,37,"(4010, 13487, 27740)",R,LC4,,LC4,LC4
1876898200,LC4,37,"(11490, 18394, 27676)",R,LC4,,LC4,LC4
1907584319,LC4,37,"(11421, 19338, 28664)",R,LC4,,LC4,LC4
1938541380,LC4,37,"(6811, 23257, 31888)",R,LC4,,LC4,LC4
1189559257,LC4,38,"(3302, 25078, 28762)",R,LC4,,LC4,LC4
1249932198,LC4,38,"(4963, 9974, 23880)",R,LC4,,LC4,LC4
1781268241,LC4,38,"(11486, 19148, 28367)",R,LC4,,LC4,LC4
1809264255,LC4,38,"(7008, 24087, 32194)",R,LC4,,LC4,LC4
1906496111,LC4,38,"(9975, 19386, 29078)",R,LC4,,LC4,LC4
1907574944,LC4,38,"(5451, 14938, 31161)",R,LC4,,LC4,LC4
1715459859,LC4,39,"(3075, 12586, 26866)",R,LC4,,LC4,LC4
1907519001,LC4,39,"(11338, 18530, 28124)",R,LC4,,LC4,LC4
1625080038,LC4,40,"(1891, 14610, 25012)",R,LC4,,LC4,LC4
1627117134,LC4,41,"(9958, 18621, 28628)",R,LC4,,LC4,LC4
1907510214,LC4,41,"(10776, 19702, 29201)",R,LC4,,LC4,LC4
1908226457,LC4,41,"(4295, 21196, 26509)",R,LC4,,LC4,LC4
5812993692,LC4,41,"(10121, 18540, 28366)",R,LC4,,LC4,LC4
5813055129,LC4,41,"(870, 16497, 24612)",R,LC4,,LC4,LC4
1907156409,LC4,42,"(442, 17430, 29034)",R,LC4,,LC4,LC4
1562673627,LC4,43,"(389, 14811, 23751)",R,LC4,,LC4,LC4
1877930505,LC4,43,"(153, 20564, 31718)",R,LC4,,LC4,LC4
1938544937,LC4,43,"(11308, 18452, 27926)",R,LC4,,LC4,LC4
1998922583,LC4,44,"(10396, 19241, 27940)",R,LC4,,LC4,LC4
1878271377,LC4,45,"(519, 17983, 24726)",R,LC4,,LC4,LC4
1621357756,LC4,46,"(4667, 10988, 25464)",R,LC4,,LC4,LC4
5813075607,LC4,46,"(1501, 14990, 17946)",R,LC4,,LC4,LC4
1876894387,LC4,48,"(6044, 19067, 34990)",R,LC4,,LC4,LC4
5901215446,LC4,48,"(7248, 24058, 32855)",R,LC4,,LC4,LC4
1907571222,LC4,49,"(10928, 18942, 27872)",R,LC4,,LC4,LC4
1907587934,LC4,50,"(183, 19252, 24094)",R,LC4,,LC4,LC4
1907933561,LC4,53,"(6599, 18123, 27714)",R,LC4,,LC4,LC4
1782668028,LC4,58,"(11358, 18345, 27360)",R,LC4,,LC4,LC4
1815070402,LC4,68,"(10058, 18947, 28344)",R,LC4,,LC4,LC4
1751670748,LPLC2,2,"(9681, 19949, 26176)",R,LPLC2,,LPLC2,LPLC2
1814781537,LPLC2(PLBDL1)_R,2,"(3691, 16703, 17928)",R,LPLC2,,LPLC2,LPLC2
5813038825,LPLC2,2,"(9703, 19818, 26842)",R,LPLC2,,LPLC2,LPLC2
1782369015,LPLC2(PLBDL1)_R,5,"(10325, 19572, 26250)",R,LPLC2,,LPLC2,LPLC2
1782369359,LPLC2,5,"(9032, 22000, 35222)",R,LPLC2,,LPLC2,LPLC2
1814426918,LPLC2,5,"(4393, 22566, 32042)",R,LPLC2,,LPLC2,LPLC2
2059978318,LPLC2(PLBDL1)_R,5,"(7498, 14127, 34826)",R,LPLC2,,LPLC2,LPLC2
5812998825,LPLC2,5,"(9509, 19032, 25980)",R,LPLC2,,LPLC2,LPLC2
5813046478,LPLC2(PLBDL1)_R,5,"(4102, 17608, 19648)",R,LPLC2,,LPLC2,LPLC2
5813039136,LPLC2,6,"(10946, 20028, 26370)",R,LPLC2,,LPLC2,LPLC2
1814780768,LPLC2(PLBDL1)_R,7,"(2074, 16275, 16951)",R,LPLC2,,LPLC2,LPLC2
1813403630,LPLC2,9,"(9794, 18627, 26230)",R,LPLC2,,LPLC2,LPLC2
1815809293,LPLC2(PLBDL1)_R,9,"(7766, 12380, 32670)",R,LPLC2,,LPLC2,LPLC2
1751329909,LPLC2,10,"(10141, 19828, 26161)",R,LPLC2,,LPLC2,LPLC2
1938195143,LPLC2(PLBDL1)_R,10,"(1586, 14651, 16296)",R,LPLC2,,LPLC2,LPLC2
1813403869,LPLC2,11,"(9421, 18786, 26398)",R,LPLC2,,LPLC2,LPLC2
1876147437,LPLC2(PLBDL1)_R,11,"(5979, 13108, 32211)",R,LPLC2,,LPLC2,LPLC2
1876492837,LPLC2,12,"(10013, 19767, 27320)",R,LPLC2,,LPLC2,LPLC2
1438912593,LPLC2(PLBDL1)_R,13,"(1899, 13422, 15664)",R,LPLC2,,LPLC2,LPLC2
1815131045,LPLC2(PLBDL1)_R,13,"(2513, 13462, 16937)",R,LPLC2,,LPLC2,LPLC2
5812996383,LPLC2,13,"(11818, 20541, 26562)",R,LPLC2,,LPLC2,LPLC2
1814414329,LPLC2(PLBDL1)_R,14,"(4628, 16726, 19677)",R,LPLC2,,LPLC2,LPLC2
1814781356,LPLC2(PLBDL1)_R,14,"(2981, 16789, 17616)",R,LPLC2,,LPLC2,LPLC2
1815126433,LPLC2(PLBDL1)_R,14,"(3212, 16784, 18348)",R,LPLC2,,LPLC2,LPLC2
1403392477,LPLC2(PLBDL1)_R,15,"(1311, 14413, 14981)",R,LPLC2,,LPLC2,LPLC2
1813403998,LPLC2,15,"(508, 17795, 28296)",R,LPLC2,,LPLC2,LPLC2
1814781628,LPLC2,15,"(10245, 19666, 26938)",R,LPLC2,,LPLC2,LPLC2
1814781633,LPLC2(PLBDL1)_R,15,"(8309, 18399, 26384)",R,LPLC2,,LPLC2,LPLC2
1844750081,LPLC2(PLBDL1)_R,15,"(10091, 19863, 26980)",R,LPLC2,,LPLC2,LPLC2
1876147388,LPLC2(PLBDL1)_R,15,"(3816, 15134, 18050)",R,LPLC2,,LPLC2,LPLC2
1876484146,LPLC2(PLBDL1)_R,15,"(1446, 14764, 15704)",R,LPLC2,,LPLC2,LPLC2
5813034151,LPLC2(PLBDL1)_R,15,"(7138, 13059, 23544)",R,LPLC2,,LPLC2,LPLC2
1782364786,LO-PVLP(PLBDL1)_R,16,"(1620, 14067, 14743)",R,LPLC2,,LPLC2,LPLC2
1814418212,LPLC2(PLBDL1)_R,16,"(6804, 13170, 22458)",R,LPLC2,,LPLC2,LPLC2
5813038822,LPLC2,16,"(10215, 19980, 26700)",R,LPLC2,,LPLC2,LPLC2
1437850908,LPLC2(PLBDL1)_R,17,"(1888, 14212, 15256)",R,LPLC2,,LPLC2,LPLC2
1470971204,LPLC2(PLBDL1)_R,17,"(1718, 15400, 15969)",R,LPLC2,,LPLC2,LPLC2
1783051578,LPLC2(PLBDL1)_R,17,"(5084, 15825, 19160)",R,LPLC2,,LPLC2,LPLC2
1814422650,LPLC2(PLBDL1)_R,17,"(5065, 16687, 19969)",R,LPLC2,,LPLC2,LPLC2
5812999264,LPLC2(PLBDL1)_R,17,"(2544, 14494, 15848)",R,LPLC2,,LPLC2,LPLC2
1682707330,LPLC2(PLBDL1)_R,18,"(1437, 13638, 14561)",R,LPLC2,,LPLC2,LPLC2
1813403953,LPLC2(PLBDL1)_R,18,"(2042, 14575, 15521)",R,LPLC2,,LPLC2,LPLC2
1845449270,LPLC2(PLBDL1)_R,18,"(995, 14753, 14606)",R,LPLC2,,LPLC2,LPLC2
1716496582,LPLC2(PLBDL1)_R,19,"(338, 15410, 14005)",R,LPLC2,,LPLC2,LPLC2
1815471919,LPLC2(PLBDL1)_R,19,"(4549, 13575, 29658)",R,LPLC2,,LPLC2,LPLC2
1815126312,LPLC2(PLBDL1)_R,20,"(1638, 12831, 16129)",R,LPLC2,,LPLC2,LPLC2
1815480848,LPLC2(PLBDL1)_R,20,"(9481, 18633, 26928)",R,LPLC2,,LPLC2,LPLC2
5813038821,LPLC2(PLBDL1)_R,20,"(8027, 18648, 25461)",R,LPLC2,,LPLC2,LPLC2
1719595635,LPLC2,21,"(7388, 18251, 25286)",R,LPLC2,,LPLC2,LPLC2
1626827782,LPLC2,21,"(9361, 19081, 26282)",R,LPLC2,,LPLC2,LPLC2
1752016801,LPLC2(PLBDL1)_R,21,"(11949, 20594, 26668)",R,LPLC2,,LPLC2,LPLC2
1782369340,LPLC2(PLBDL1)_R,21,"(2286, 13100, 16556)",R,LPLC2,,LPLC2,LPLC2
1813403762,LPLC2,21,"(7111, 13518, 22136)",R,LPLC2,,LPLC2,LPLC2
5901214470,LPLC2(PLBDL1)_R,21,"(1325, 13153, 15368)",R,LPLC2,,LPLC2,LPLC2
1438908304,LPLC2(PLBDL1)_R,22,"(2217, 13433, 16294)",R,LPLC2,,LPLC2,LPLC2
1753674977,LPLC2(PLBDL1)_R,22,"(4717, 16332, 18986)",R,LPLC2,,LPLC2,LPLC2
1872033743,LPLC2(PLBDL1)_R,22,"(5401, 12344, 29525)",R,LPLC2,,LPLC2,LPLC2
1533683889,LPLC2(PLBDL1)_R,23,"(3698, 16910, 19040)",R,LPLC2,,LPLC2,LPLC2
1534363304,LPLC2(PLBDL1)_R,23,"(117, 17602, 23168)",R,LPLC2,,LPLC2,LPLC2
1719225241,LPLC2(PLBDL1)_R,24,"(1945, 14799, 27222)",R,LPLC2,,LPLC2,LPLC2
1809614687,LPLC2(PLBDL1)_R,24,"(6432, 14887, 26892)",R,LPLC2,,LPLC2,LPLC2
1814781082,LPLC2(PLBDL1)_R,24,"(3123, 18548, 24776)",R,LPLC2,,LPLC2,LPLC2
1627131491,LPLC2(PLBDL1)_R,26,"(8880, 18527, 25220)",R,LPLC2,,LPLC2,LPLC2
1282007450,LPLC2(PLBDL1)_R,27,"(1636, 13951, 15464)",R,LPLC2,,LPLC2,LPLC2
5813050827,LPLC2(PLBDL1)_R,27,"(1376, 12945, 24874)",R,LPLC2,,LPLC2,LPLC2
1407179534,LPLC2(PLBDL1)_R,28,"(3284, 12584, 22490)",R,LPLC2,,LPLC2,LPLC2
1441598865,LPLC2(PLBDL1)_R,28,"(5395, 12781, 19440)",R,LPLC2,,LPLC2,LPLC2
1626482563,LPLC2,28,"(2349, 14376, 20421)",R,LPLC2,,LPLC2,LPLC2
1688164533,LPLC2(PLBDL1)_R,29,"(12480, 21502, 26598)",R,LPLC2,,LPLC2,LPLC2
1691259738,LPLC2(PLBDL1)_R,29,"(3346, 17719, 18493)",R,LPLC2,,LPLC2,LPLC2
1811630361,LPLC2(PLBDL1)_R,29,"(1826, 15063, 15504)",R,LPLC2,,LPLC2,LPLC2
1845453234,LPLC2(PLBDL1)_R,29,"(3141, 17547, 17979)",R,LPLC2,,LPLC2,LPLC2
1467548306,LPLC2(PLBDL1)_R,30,"(1691, 14722, 14972)",R,LPLC2,,LPLC2,LPLC2
1500598873,LPLC2(PLBDL1)_R,31,"(3350, 13281, 17712)",R,LPLC2,,LPLC2,LPLC2
1783051753,LPLC2(PLBDL1)_R,31,"(4319, 12545, 18264)",R,LPLC2,,LPLC2,LPLC2
5813038769,LPLC2(PLBDL1)_R,31,"(2691, 12907, 16274)",R,LPLC2,,LPLC2,LPLC2
1283013506,LPLC2(PLBDL1)_R,32,"(372, 15511, 19216)",R,LPLC2,,LPLC2,LPLC2
1566411868,LPLC2(PLBDL1)_R,32,"(4259, 17403, 19089)",R,LPLC2,,LPLC2,LPLC2
5812987894,LPLC2(PLBDL1)_R,32,"(9339, 18770, 25760)",R,LPLC2,,LPLC2,LPLC2
1221971218,LPLC2(PLBDL1)_R,33,"(9052, 18893, 25888)",R,LPLC2,,LPLC2,LPLC2
1530636214,LPLC2(PLBDL1)_R,33,"(2040, 14634, 16192)",R,LPLC2,,LPLC2,LPLC2
1343749180,LPLC2,34,"(7829, 17859, 25168)",R,LPLC2,,LPLC2,LPLC2
1815826155,LPLC2(PLBDL1)_R,37,"(10863, 20703, 26704)",R,LPLC2,,LPLC2,LPLC2
1814777260,LPLC2(PLBDL1)_R,40,"(101, 18754, 26878)",R,LPLC2,,LPLC2,LPLC2
5813034701,FSR*,1,"(17272, 26438, 33890)",-,to be grouped,,Misc - Anterior,Misc - Anterior
5901224333,FSR*,4,"(11656, 22424, 34494)",-,to be grouped,,Misc - Anterior,Misc - Anterior
2471712152,,33,"(16800, 27045, 34568)",,to be grouped,,Misc - Anterior,Misc - Anterior
1252548351,FSR*,1,"(18622, 18907, 22786)",-,to be grouped,,Misc - posterior,Misc - posterior
1658679205,,5,"(22667, 15975, 26088)",-,to be grouped,,Misc - posterior,Misc - posterior
1417768398,(aVLPT2)_R,64,"(13631, 30956, 23258)",R,new type,,new type 1,new type 1
883514695,(iPB6)_R,1,"(24232, 10369, 16124)",R,new type,,new type 10,new type 10
5813050499,(hLHT5)_R,8,"(3733, 23651, 15134)",R,new type,,new type 11,new type 11
1375224269,(lVLPT1)_R,2,"(12142, 14281, 23018)",R,new type,review,new type 12,new type 12
1503733177,(PLPF1)_R,11,"(9403, 13484, 21445)",R,new type,review,new type 13,new type 13
1134729441,(PLPF2)_R,3,"(13410, 9591, 26031)",R,new type,,new type 14,new type 14
1131485772,(hLHT4)_R,3,"(2790, 23891, 13295)",R,new type,yes,new type 16,new type 16
5813054384,SPS-VLP(aPBB)_R,2,"(20473, 16013, 11547)",R,new type,,new type 17,new type 17
5813068801,(aVLPT3)_R,1,"(10739, 14959, 23431)",R,new type,no,new type 18,new type 18
1508123633,(aVLPT2)_R,1,"(14692, 30707, 25217)",R,new type,,new type 19,new type 19
1601711357,(PLPF3)_R,5,"(9197, 12362, 22486)",R,new type,,new type 2,new type 2
2128566765,(ALlv1)_R,1,"(14257, 26897, 35808)",,new type,,new type 20,new type 20
5812991413,,1,"(8612, 25460, 23084)",-,new type,,new type 21,new type 21
5813053923,LAL-WED(aVLPT3)_R,6,"(9942, 26748, 34678)",R,new type,,new type 22,new type 22
5813077633,(PLPF4)_R,1,"(8357, 12606, 22811)",R,new type,,new type 23,new type 23
1535791554,,2,"(21515, 18034, 30576)",-,new type,,new type 3,new type 3
801257348,(dlEA)_R,1,"(4955, 26953, 14498)",R,new type,,new type 4,new type 4
1228484534,(LBDL2)_R,5,"(1118, 21092, 14148)",R,new type,,new type 5,new type 5
736433303,(iPB2)_R,3,"(21417, 13013, 13196)",R,new type,yes,new type 6,new type 6
1346900360,(aVLPT3)_R,1,"(10028, 28524, 34620)",R,new type,,new type 7,new type 7
1565569898,(aVLPT3)_R,5,"(16224, 28613, 34342)",R,new type,,new type 8,new type 8
1040013335,(pLH1)_R,2,"(9344, 12263, 16214)",R,new type,review,new type 9,new type 9