Body Id,Type,Instance,GF1 Synapse Count,Classification,Status
5901224333,no labeled type,no instance,4.0,Misc - Anterior,Traced
5901219755,no labeled type,no instance,45.0,24,Traced
5901215446,LC4,LC4,41.0,LC4,Traced
5901214470,LPLC2,LPLC2_R,19.0,LPLC2,Traced
5813130229,PS005_f,PS005_f_R,5.0,13,Traced
5813107136,JO-A/B/C,JO-A/B/C,3.0,JO,Traced
5813083315,no labeled type,no instance,6.0,52,Traced
5813093048,no labeled type,no instance,8.0,Anterior type 2,Traced
5813090649,AVLP094,AVLP094_R,55.0,9,Traced
5813075607,LC4,LC4,47.0,LC4,Traced
5813077633,AVLP479,AVLP479_R,1.0,new type 23,Traced
5813070019,AMMC-A1,AMMC-A1_R,4.0,GCI,Traced
5813068559,AVLP396,AVLP396_R,79.0,78,Traced
5813068925,PVLP062,PVLP062_R,98.0,71,Traced
5813069377,LC4,LC4,28.0,LC4,Traced
5813069594,AVLP547,AVLP547_R,3.0,69,Traced
5813067020,no labeled type,no instance,11.0,Anterior type 3,Traced
5813068406,JO-A/B/C,JO-A/B/C,44.0,JO,Traced
5813068801,PLP015,PLP015_R,1.0,new type 18,Traced
5813069068,SAD021_a,SAD021_a_R,32.0,24,Traced
5813069288,no labeled type,Axon(GC),30.0,GCI,Traced
5813066705,JO-A/B/C,JO-A/B/C,16.0,JO,Traced
5813069053,LC4,LC4,32.0,LC4,Traced
5813069246,no labeled type,no instance,24.0,30,Traced
5813063231,SAD024,SAD024_R,19.0,Anterior type 3,Traced
5813068048,CL121,CL121_R,9.0,4,Traced
5813065458,PVLP035,PVLP035_R,1.0,5,Traced
5813061197,LC4,LC4,25.0,LC4,Traced
5813063093,CL286,CL286_R,3.0,81,Traced
5813058342,PS002,PS002_R,12.0,50,Traced
5813060067,no labeled type,no instance,1.0,115,Traced
5813056435,no labeled type,no instance,1.0,116,Traced
5813057178,PVLP136,PVLP136_R,2.0,119,Traced
5813055439,SAD021_a,SAD021_a_R,32.0,24,Traced
5813055129,LC4,LC4,36.0,LC4,Traced
5813054384,PPM1203,PPM1203_R,2.0,new type 17,Traced
5813055019,AVLP203,AVLP203_R,5.0,58,Traced
5813054376,AVLP259,AVLP259_R,1.0,19,Traced
5813054317,AVLP107,AVLP107_R,1.0,88,Traced
5813054797,WED109,WED109_R,1.0,64,Traced
5813055222,AVLP093,AVLP093_R,33.0,9,Traced
5813050499,AVLP082,AVLP082_R,10.0,new type 11,Traced
5813053860,PVLP151,PVLP151(SCB004)_L,84.0,19,Traced
5813053923,LAL047,LAL047_R,6.0,new type 22,Traced
5813050827,LPLC2,LPLC2_R,25.0,LPLC2,Traced
5813050787,no labeled type,Axon(GC),50.0,GCI,Traced
5813046478,LPLC2,LPLC2_R,5.0,LPLC2,Traced
5813040309,PLP018,PLP018_R,18.0,22,Traced
5813040280,SAD021_c,SAD021_c_R,31.0,33,Traced
5813038825,LPLC2,LPLC2,2.0,LPLC2,Traced
5813038822,LPLC2,LPLC2,16.0,LPLC2,Traced
5813038821,LPLC2,LPLC2_R,21.0,LPLC2,Traced
5813040677,no labeled type,no instance,47.0,JO,Traced
5813038769,LPLC2,LPLC2_R,30.0,LPLC2,Traced
5813039507,JO-A/B/C,JO-A/B/C,17.0,JO,Traced
5813039148,PVLP011,PVLP011_R,2.0,125,Traced
5813034341,JO-A/B/C,JO-A/B/C,48.0,JO,Traced
5813039136,LPLC2,LPLC2,7.0,LPLC2,Traced
5813034870,no labeled type,no instance,3.0,Anterior type 1,Traced
5813034868,JO-A/B/C,JO-A/B/C,16.0,JO,Traced
5813034701,no labeled type,no instance,1.0,Misc - Anterior,Traced
5813031663,WED117,WED117_R,3.0,46,Traced
5813034151,LPLC2,LPLC2_R,15.0,LPLC2,Traced
5813027282,no labeled type,no instance,1.0,Anterior type 3,Traced
5813027278,AVLP429,AVLP429_R,4.0,79,Traced
5813026023,JO-A/B/C,JO-A/B/C,1.0,JO,Traced
5813034529,SAD020,SAD020_R,43.0,31,Traced
5813025549,SAD031,SAD031_R,7.0,39,Traced
5813027235,LAL053,LAL053_R,1.0,22,Traced
5813023621,no labeled type,no instance,34.0,Anterior type 3,Traced
5813027081,no labeled type,no instance,9.0,Anterior type 3,Traced
5813024035,SAD013,SAD013_R,74.0,21,Traced
5813027050,SAD014,SAD014_R,59.0,57,Traced
5813024910,SAD022,SAD022_R,18.0,24,Traced
5813023617,PVLP021,PVLP021_R,31.0,57,Traced
5813023106,SAD083,SAD083_R,6.0,46,Traced
5813023101,JO-A/B/C,JO-A/B/C,13.0,JO,Traced
5813024031,no labeled type,no instance,110.0,Anterior type 3,Traced
5813024015,DNp02,DNp02_R,1.0,DNp02,Traced
5813022591,PS002,PS002_R,8.0,50,Traced
5813023322,DNp06,DNp06_R,9.0,DNp06,Traced
5813022764,AVLP037,AVLP037_R,4.0,1,Traced
5813021583,AVLP210,AVLP210_R,7.0,59,Traced
5813021922,no labeled type,SCL-AVLP_R_001,1.0,73,Traced
5813021574,CL247,CL247_R,23.0,110,Traced
5813018687,no labeled type,no instance,34.0,Anterior type 3,Traced
5813018686,no labeled type,no instance,14.0,Anterior type 3,Traced
5813018683,JO-A/B/C,JO-A/B/C,6.0,JO,Traced
5813021112,PVLP119,PVLP119_R,184.0,111,Traced
5813018508,WED117,WED117_R,11.0,46,Traced
5813017691,no labeled type,no instance,10.0,29,Traced
5813019191,SAD026,SAD026_R,13.0,33,Traced
5813013830,no labeled type,no instance,1.0,26,Traced
5813010391,CL166,CL166_R,3.0,20,Traced
5813007438,JO-A/B/C,JO-A/B/C,8.0,JO,Traced
5813006933,JO-A/B/C,JO-A/B/C,43.0,JO,Traced
5813006921,JO-A/B/C,JO-A/B/C,8.0,JO,Traced
5813006614,JO-A/B/C,JO-A/B/C,43.0,JO,Traced
5813006594,JO-A/B/C,JO-A/B/C,7.0,JO,Traced
5813000577,LC4,LC4,33.0,LC4,Traced
5813008197,JO-A/B/C,JO-A/B/C,9.0,JO,Traced
5813006315,JO-A/B/C,JO-A/B/C,51.0,JO,Traced
5813006296,JO-A/B/C,JO-A/B/C,3.0,JO,Traced
5813006291,JO-A/B/C,JO-A/B/C,24.0,JO,Traced
5812999264,LPLC2,LPLC2_R,18.0,LPLC2,Traced
5812995833,no labeled type,no instance,17.0,58,Traced
5812998937,JO-A/B/C,JO-A/B/C,17.0,JO,Traced
5812998136,LC4,LC4,25.0,LC4,Traced
5812998086,JO-A/B/C,JO-A/B/C,4.0,JO,Traced
5812998080,no labeled type,no instance,2.0,JO,Traced
5812998825,LPLC2,LPLC2,6.0,LPLC2,Traced
5812996383,LPLC2,LPLC2,14.0,LPLC2,Traced
5812992250,no labeled type,no instance,5.0,Anterior type 1,Traced
5812995124,AVLP517,AVLP517_R,1.0,64,Traced
5812993692,LC4,LC4,38.0,LC4,Traced
5812991413,no labeled type,no instance,1.0,new type 21,Traced
5812992723,no labeled type,no instance,7.0,Anterior type 3,Traced
5812992706,PVLP123,PVLP123_R,64.0,10,Traced
5812990975,WED055_a,WED055_a_R,2.0,24,Traced
5812987894,LPLC2,LPLC2_R,29.0,LPLC2,Traced
5812990292,PVLP031,PVLP031_R,1.0,58,Traced
5812988820,no labeled type,(PLBDL9)_R,1.0,11,Traced
5812983519,AVLP040,AVLP040_R,6.0,1,Traced
5812987602,PVLP142,PVLP142_R,11.0,6,Traced
5812980291,CL262,CL262_R,110.0,18,Traced
2535465130,JO-A/B/C,JO-A/B/C,11.0,JO,Traced
2534087947,JO-A/B/C,JO-A/B/C,20.0,JO,Traced
2533746821,JO-A/B/C,JO-A/B/C,3.0,JO,Traced
2532727986,JO-A/B/C,JO-A/B/C,8.0,JO,Traced
2532046045,JO-A/B/C,JO-A/B/C,3.0,JO,Traced
2532041662,JO-A/B/C,JO-A/B/C,13.0,JO,Traced
2501693123,JO-A/B/C,JO-A/B/C,18.0,JO,Traced
2477500932,no labeled type,no instance,1.0,JO,Traced
2472376250,JO-A/B/C,JO-A/B/C,14.0,JO,Traced
2472354934,JO-A/B/C,JO-A/B/C,2.0,JO,Traced
2472026764,JO-A/B/C,JO-A/B/C,15.0,JO,Traced
2471712152,no labeled type,no instance,75.0,Misc - Anterior,Traced
2508194988,JO-A/B/C,JO-A/B/C,4.0,JO,Traced
2471676938,JO-A/B/C,JO-A/B/C,24.0,JO,Traced
2470999476,JO-A/B/C,JO-A/B/C,11.0,JO,Traced
2470317344,JO-A/B/C,JO-A/B/C,25.0,JO,Traced
2443392355,JO-A/B/C,JO-A/B/C,13.0,JO,Traced
2439964429,JO-A/B/C,JO-A/B/C,22.0,JO,Traced
2439964310,JO-A/B/C,JO-A/B/C,61.0,JO,Traced
2411653352,JO-A/B/C,JO-A/B/C,1.0,JO,Traced
2411321234,JO-A/B/C,JO-A/B/C,2.0,JO,Traced
2410988863,JO-A/B/C,JO-A/B/C,40.0,JO,Traced
2410967137,JO-A/B/C,JO-A/B/C,3.0,JO,Traced
2406533539,no labeled type,no instance,3.0,Anterior type 3,Traced
2410302463,JO-A/B/C,JO-A/B/C,8.0,JO,Traced
2409965772,JO-A/B/C,JO-A/B/C,5.0,JO,Traced
2406162924,no labeled type,no instance,2.0,24,Traced
2409616020,JO-A/B/C,JO-A/B/C,13.0,JO,Traced
2409611656,JO-A/B/C,JO-A/B/C,51.0,JO,Traced
2409283844,no labeled type,no instance,5.0,Anterior type 3,Traced
2409275147,JO-A/B/C,JO-A/B/C,5.0,JO,Traced
2378594464,JO-A/B/C,JO-A/B/C,8.0,JO,Traced
2378257493,JO-A/B/C,JO-A/B/C,5.0,JO,Traced
2378248516,JO-A/B/C,JO-A/B/C,19.0,JO,Traced
2378240017,JO-A/B/C,JO-A/B/C,14.0,JO,Traced
2377903039,JO-A/B/C,JO-A/B/C,7.0,JO,Traced
2385436621,JO-A/B/C,JO-A/B/C,20.0,JO,Traced
2375213707,no labeled type,no instance,2.0,100,Traced
2384068203,JO-A/B/C,JO-A/B/C,12.0,JO,Traced
2377566785,JO-A/B/C,JO-A/B/C,7.0,JO,Traced
2377221619,JO-A/B/C,JO-A/B/C,8.0,JO,Traced
2377221246,JO-A/B/C,JO-A/B/C,9.0,JO,Traced
2383014739,JO-A/B/C,JO-A/B/C,9.0,JO,Traced
2382332652,JO-A/B/C,JO-A/B/C,5.0,JO,Traced
2349242954,JO-A/B/C,JO-A/B/C,4.0,JO,Traced
2379595914,JO-A/B/C,JO-A/B/C,91.0,JO,Traced
2349242595,JO-A/B/C,JO-A/B/C,52.0,JO,Traced
2376526540,JO-A/B/C,JO-A/B/C,17.0,JO,Traced
2348927693,JO-A/B/C,JO-A/B/C,12.0,JO,Traced
2348910257,no labeled type,no instance,2.0,Anterior type 3,Traced
2379271978,JO-A/B/C,JO-A/B/C,30.0,JO,Traced
2376194110,no labeled type,no instance,2.0,Anterior type 3,Traced
2378935423,JO-A/B/C,JO-A/B/C,23.0,JO,Traced
2378935153,JO-A/B/C,JO-A/B/C,9.0,JO,Traced
2378930791,JO-A/B/C,JO-A/B/C,26.0,JO,Traced
2347895657,no labeled type,no instance,11.0,Anterior type 3,Traced
2347870352,no labeled type,no instance,1.0,Anterior type 3,Traced
2347209856,JO-A/B/C,JO-A/B/C,14.0,JO,Traced
2315483773,JO-A/B/C,JO-A/B/C,14.0,JO,Traced
2346518646,no labeled type,no instance,1.0,Anterior type 3,Traced
2346510018,SAD029,SAD029_R,2.0,24,Traced
2350615474,no labeled type,no instance,61.0,Anterior type 3,Traced
2346182454,no labeled type,no instance,7.0,Anterior type 3,Traced
2317875523,JO-A/B/C,JO-A/B/C,25.0,JO,Traced
2317871147,JO-A/B/C,JO-A/B/C,17.0,JO,Traced
2317867089,JO-A/B/C,JO-A/B/C,2.0,JO,Traced
2312061045,no labeled type,no instance,3.0,Anterior type 3,Traced
2317197779,JO-A/B/C,JO-A/B/C,2.0,JO,Traced
2285118496,no labeled type,no instance,1.0,Anterior type 3,Traced
2316843746,JO-A/B/C,JO-A/B/C,2.0,JO,Traced
2284777374,no labeled type,no instance,24.0,Anterior type 3,Traced
2316502686,no labeled type,no instance,88.0,Anterior type 3,Traced
2279334086,no labeled type,no instance,1.0,Anterior type 3,Traced
2283779961,no labeled type,no instance,5.0,Anterior type 2,Traced
2283771964,no labeled type,no instance,1.0,Anterior type 2,Traced
2283421947,no labeled type,no instance,1.0,Anterior type 3,Traced
2287181377,no labeled type,no instance,2.0,Anterior type 1,Traced
2283085439,no labeled type,no instance,15.0,Anterior type 3,Traced
2286836128,JO-A/B/C,JO-A/B/C,4.0,JO,Traced
2285813669,JO-A/B/C,JO-A/B/C,4.0,JO,Traced
2253750781,no labeled type,no instance,71.0,41,Traced
2221053439,SAD065,SAD065_R,1.0,30,Traced
2221010328,JO-A/B/C,JO-A/B/C,34.0,JO,Traced
2221006570,no labeled type,no instance,2.0,Anterior type 3,Traced
2220669844,no labeled type,no instance,2.0,24,Traced
2222414812,no labeled type,no instance,111.0,Anterior type 3,Traced
2222370777,no labeled type,no instance,53.0,31,Traced
2222029255,no labeled type,no instance,2.0,Anterior type 3,Traced
2215161310,LC4,LC4,19.0,LC4,Traced
2158979725,SAD059,SAD059_R,19.0,30,Traced
2188590741,WED055_a,WED055_a_R,1.0,33,Traced
2161647993,no labeled type,no instance,4.0,Anterior type 1,Traced
2157206476,SAD022,SAD022_R,15.0,Anterior type 3,Traced
2155833665,SAD026,SAD026_R,1.0,33,Traced
2158246363,SAD021_b,SAD021_b_R,6.0,24,Traced
2156873528,SAD027,SAD027_R,4.0,33,Traced
2126296267,SAD073,SAD073_R,103.0,2,Traced
2121711447,LC4,LC4,29.0,LC4,Traced
2127219419,no labeled type,no instance,101.0,Anterior type 3,Traced
2128566765,SAD038,SAD038_R,1.0,new type 20,Traced
2099889350,AVLP263,AVLP263_R,10.0,14,Traced
2126857473,SAD026,SAD026_R,16.0,33,Traced
2097194758,no labeled type,no instance,2.0,Anterior type 3,Traced
2099569065,no labeled type,no instance,23.0,Anterior type 3,Traced
2095498288,SAD023,SAD023_R,27.0,24,Traced
2095481215,SAD026,SAD026_R,5.0,33,Traced
2096846027,SAD021_a,SAD021_a_R,21.0,24,Traced
2096525840,no labeled type,no instance,14.0,Anterior type 2,Traced
2096500397,SAD021_c,SAD021_c_R,19.0,24,Traced
2067852579,SAD027,SAD027_R,8.0,24,Traced
2067153349,SAD031,SAD031_R,3.0,39,Traced
2065192873,SAD055,SAD055_R,87.0,30,Traced
2065158506,SAD024,SAD024_R,1.0,24,Traced
2066509864,SAD050,SAD050_R,2.0,8,Traced
2065158112,no labeled type,no instance,29.0,Anterior type 1,Traced
2065132470,no labeled type,no instance,26.0,Anterior type 1,Traced
2065814899,SAD032,SAD032_R,4.0,39,Traced
2059978318,LPLC2,LPLC2_R,5.0,LPLC2,Traced
2036510940,WED029,WED029_R,7.0,93,Traced
2036131300,WED117,WED117_R,1.0,64,Traced
2034123290,no labeled type,no instance,51.0,Anterior type 1,Traced
2033817015,SAD052,SAD052_R,3.0,29,Traced
2032760275,SAD025,SAD025_R,1.0,24,Traced
2031032549,no labeled type,no instance,1.0,Anterior type 3,Traced
2002406419,SAD020,SAD020_R,40.0,31,Traced
1998922583,LC4,LC4,36.0,LC4,Traced
2002009324,no labeled type,no instance,12.0,57,Traced
1971039570,no labeled type,no instance,21.0,29,Traced
1972032140,AVLP453,AVLP453_R,34.0,28,Traced
1970698685,SAD053,SAD053_R,71.0,29,Traced
1938260447,no labeled type,no instance,11.0,Anterior type 3,Traced
1936848448,LC4,LC4,30.0,LC4,Traced
1938207942,LC4,LC4,25.0,LC4,Traced
1938195143,LPLC2,LPLC2_R,9.0,LPLC2,Traced
1937924009,no labeled type,no instance,5.0,Anterior type 2,Traced
1937875810,LC4,LC4,22.0,LC4,Traced
1938544937,LC4,LC4,40.0,LC4,Traced
1938541380,LC4,LC4,31.0,LC4,Traced
1907920694,SAD017,SAD017_R,21.0,21,Traced
1916459566,no labeled type,no instance,13.0,Anterior type 1,Traced
1906496111,LC4,LC4,39.0,LC4,Traced
1907587934,LC4,LC4,40.0,LC4,Traced
1907584319,LC4,LC4(lVLPT8)_R,36.0,LC4,Traced
1907578957,LC4,LC4,31.0,LC4,Traced
1907574944,LC4,LC4(lVLPT8)_R,37.0,LC4,Traced
1907571222,LC4,LC4,47.0,LC4,Traced
1906305419,no labeled type,no instance,3.0,102,Traced
1907519001,LC4,LC4,35.0,LC4,Traced
1906159299,LC4,LC4,26.0,LC4,Traced
1907510214,LC4,LC4,39.0,LC4,Traced
1908628383,no labeled type,no instance,6.0,30,Traced
1907169406,LC4,LC4,28.0,LC4,Traced
1907156409,LC4,LC4,36.0,LC4,Traced
1910328899,SAD064,SAD064_R,141.0,8,Traced
1908226457,LC4,LC4,39.0,LC4,Traced
1907933561,LC4,LC4,47.0,LC4,Traced
1907924777,LC4,LC4,21.0,LC4,Traced
1876894387,LC4,LC4,43.0,LC4,Traced
1878271377,LC4,LC4,38.0,LC4,Traced
1876565477,PVLP142,PVLP142_R,1.0,6,Traced
1876492837,LPLC2,LPLC2_R,11.0,LPLC2,Traced
1876484146,LPLC2,LPLC2_R,14.0,LPLC2,Traced
1876471221,LC4,LC4,32.0,LC4,Traced
1877939213,LC4,LC4,23.0,LC4,Traced
1877930505,LC4,LC4,38.0,LC4,Traced
1876276621,SAD065,SAD065_R,23.0,30,Traced
1876147437,LPLC2,LPLC2_R,11.0,LPLC2,Traced
1876147388,LPLC2,LPLC2_R,16.0,LPLC2,Traced
1877222526,no labeled type,no instance,9.0,57,Traced
1877217777,LC4,LC4,29.0,LC4,Traced
1876993474,SAD073,SAD073_R,109.0,2,Traced
1876907399,no labeled type,no instance,34.0,Anterior type 1,Traced
1876902545,LC4,LC4,26.0,LC4,Traced
1872033743,LPLC2,LPLC2_R,23.0,LPLC2,Traced
1874035952,LC4,LC4,21.0,LC4,Traced
1849559181,no labeled type,no instance,17.0,23,Traced
1845846189,no labeled type,no instance,3.0,57,Traced
1845453234,LPLC2,LPLC2_R,24.0,LPLC2,Traced
1845449270,LPLC2,LPLC2_R,16.0,LPLC2,Traced
1845078711,LC4,LC4,28.0,LC4,Traced
1846886284,WED118_a,WED118_a_R,5.0,64,Traced
1840636280,LC4,LC4,35.0,LC4,Traced
1844750081,LPLC2,LPLC2_R,15.0,LPLC2,Traced
1839288696,LC4,LC4,30.0,LC4,Traced
1822659562,no labeled type,no instance,4.0,Anterior type 2,Traced
1845876142,SAD083,SAD083_R,13.0,64,Traced
1844223096,no labeled type,no instance,3.0,75,Traced
1815480848,LPLC2,LPLC2_R,21.0,LPLC2,Traced
1815471919,LPLC2,LPLC2_R,18.0,LPLC2,Traced
1813403998,LPLC2,LPLC2,16.0,LPLC2,Traced
1813403953,LPLC2,LPLC2_R,18.0,LPLC2,Traced
1838257401,LC4,LC4,32.0,LC4,Traced
1813403869,LPLC2,LPLC2,10.0,LPLC2,Traced
1813403762,LPLC2,LPLC2,20.0,LPLC2,Traced
1813403630,LPLC2,LPLC2,9.0,LPLC2,Traced
1814426918,LPLC2,LPLC2,5.0,LPLC2,Traced
1814422650,LPLC2,LPLC2_R,16.0,LPLC2,Traced
1814418212,LPLC2,LPLC2_R,15.0,LPLC2,Traced
1814414329,LPLC2,LPLC2_R,12.0,LPLC2,Traced
1876898200,LC4,LC4(lVLPT8)_R,31.0,LC4,Traced
1815165718,AVLP510,AVLP510_R,5.0,64,Traced
1815131045,LPLC2,LPLC2_R,11.0,LPLC2,Traced
1815126433,LPLC2,LPLC2_R,11.0,LPLC2,Traced
1815126312,LPLC2,LPLC2_R,16.0,LPLC2,Traced
1815070402,LC4,LC4,60.0,LC4,Traced
1816205744,JO-A/B/C,JO-A/B/C,11.0,JO,Traced
1813256823,no labeled type,no instance,32.0,30,Traced
1813901059,SAD058,SAD058_R,11.0,29,Traced
1814846802,SAD083,SAD083_R,9.0,64,Traced
1813235278,SAD065,SAD065_R,82.0,30,Traced
1814841869,WED109,WED109_R,3.0,64,Traced
1813901048,SAD058,SAD058_R,4.0,29,Traced
1814781633,LPLC2,LPLC2_R,12.0,LPLC2,Traced
1813222721,SAD052,SAD052_R,12.0,29,Traced
1813900946,SAD058,SAD058_R,5.0,29,Traced
1814781628,LPLC2,LPLC2,13.0,LPLC2,Traced
1813206171,SAD053,SAD053_R,98.0,29,Traced
1814781537,LPLC2,LPLC2_R,2.0,LPLC2,Traced
1815947603,no labeled type,no instance,2.0,2,Traced
1814781356,LPLC2,LPLC2_R,12.0,LPLC2,Traced
1814781082,LPLC2,LPLC2_R,21.0,LPLC2,Traced
1813887867,no labeled type,no instance,7.0,30,Traced
1813840510,no labeled type,no instance,4.0,29,Traced
1814780768,LPLC2,LPLC2_R,7.0,LPLC2,Traced
1814777260,LPLC2,LPLC2_R,27.0,LPLC2,Traced
1815826155,LPLC2,LPLC2_R,36.0,LPLC2,Traced
1815809293,LPLC2,LPLC2_R,8.0,LPLC2,Traced
1810956698,LC4,LC4,29.0,LC4,Traced
1813559869,SAD062,SAD062_R,9.0,29,Traced
1813529619,no labeled type,no instance,8.0,29,Traced
1809614687,LPLC2,LPLC2_R,22.0,LPLC2,Traced
1811630361,LPLC2,LPLC2_R,27.0,LPLC2,Traced
1809264255,LC4,LC4,39.0,LC4,Traced
1787541322,no labeled type,no instance,2.0,Anterior type 2,Traced
1784795598,WED117,WED117_R,3.0,64,Traced
1783129068,no labeled type,no instance,44.0,57,Traced
1783128580,no labeled type,no instance,57.0,57,Traced
1783124404,no labeled type,no instance,13.0,57,Traced
1783051753,LPLC2,LPLC2_R,28.0,LPLC2,Traced
1783051578,LPLC2,LPLC2_R,16.0,LPLC2,Traced
1785511781,SAD064,SAD064_R,138.0,8,Traced
1785502810,AVLP452,AVLP452_R,88.0,28,Traced
1782668028,LC4,LC4,47.0,LC4,Traced
1782369359,LPLC2,LPLC2,5.0,LPLC2,Traced
1782369340,LPLC2,LPLC2_R,21.0,LPLC2,Traced
1782369015,LPLC2,LPLC2_R,6.0,LPLC2,Traced
1782364786,LPLC2,LPLC2_R,12.0,LPLC2,Traced
1781268241,LC4,LC4,32.0,LC4,Traced
1753415237,no labeled type,no instance,1.0,64,Traced
1753751888,PVLP024,PVLP024_R,31.0,5,Traced
1752016801,LPLC2,LPLC2_R,21.0,LPLC2,Traced
1753674977,LPLC2,LPLC2_R,23.0,LPLC2,Traced
1751761973,no labeled type,no instance,13.0,57,Traced
1751761966,no labeled type,no instance,2.0,21,Traced
1751670748,LPLC2,LPLC2,1.0,LPLC2,Traced
1750721034,CL323,CL323_R,26.0,6,Traced
1749258134,LC4,LC4,29.0,LC4,Traced
1751329909,LPLC2,LPLC2,8.0,LPLC2,Traced
1745821751,LC4,LC4,32.0,LC4,Traced
1731605047,SAD014,SAD014_R,18.0,57,Traced
1722764125,no labeled type,no instance,4.0,Anterior type 1,Traced
1722708360,PVLP035,PVLP035_R,1.0,62,Traced
1722177539,CL121,CL121_R,11.0,4,Traced
1722686768,no labeled type,no instance,2.0,57,Traced
1728536671,no labeled type,no instance,1.0,Anterior type 2,Traced
1722492574,no labeled type,no instance,7.0,85,Traced
1722483751,CL121,CL121_R,2.0,4,Traced
1721141438,no labeled type,no instance,4.0,64,Traced
1722422820,no labeled type,no instance,10.0,14,Traced
1718287247,WED117,WED117_R,2.0,64,Traced
1719225241,LPLC2,LPLC2_R,23.0,LPLC2,Traced
1720454234,no labeled type,no instance,3.0,57,Traced
1715459859,LC4,LC4,32.0,LC4,Traced
1716496582,LPLC2,LPLC2_R,19.0,LPLC2,Traced
1719643238,PLP083,PLP083_R,17.0,70,Traced
1719595635,LPLC2,LPLC2,22.0,LPLC2,Traced
1720109208,no labeled type,no instance,5.0,58,Traced
1691259738,LPLC2,LPLC2_R,26.0,LPLC2,Traced
1691077768,no labeled type,no instance,43.0,58,Traced
1688737989,no labeled type,no instance,2.0,21,Traced
1691885573,no labeled type,no instance,9.0,4,Traced
1691742475,no labeled type,no instance,34.0,58,Traced
1691742201,no labeled type,no instance,42.0,58,Traced
1688505620,LC4,LC4,34.0,LC4,Traced
1688164533,LPLC2,LPLC2_R,27.0,LPLC2,Traced
1691405824,SAD049,SAD049_R,88.0,8,Traced
1691310419,PVLP026,PVLP026_R,52.0,5,Traced
1682707330,LPLC2,LPLC2_R,17.0,LPLC2,Traced
1664040834,no labeled type,no instance,3.0,Anterior type 2,Traced
1661329404,no labeled type,no instance,2.0,57,Traced
1658679205,no labeled type,no instance,6.0,Misc - posterior,Traced
1664097010,SAD049,SAD049_R,2.0,8,Traced
1663021115,no labeled type,(fragment),6.0,80,Traced
1633686836,AVLP450,AVLP450_R,7.0,28,Traced
1632996774,AVLP203,AVLP203_R,4.0,58,Traced
1627131491,LPLC2,LPLC2_R,25.0,LPLC2,Traced
1631019730,PVLP035,PVLP035_R,1.0,5,Traced
1627117134,LC4,LC4,35.0,LC4,Traced
1629996612,PVLP035,PVLP035_R,2.0,62,Traced
1632309827,PVLP064,PVLP064_R,1.0,54,Traced
1628973439,PVLP151,PVLP151(SCB004)_L,126.0,67,Traced
1630678924,PVLP021,PVLP021_R,3.0,57,Traced
1630678915,SAD017,SAD017_R,22.0,21,Traced
1628317539,no labeled type,no instance,1.0,10,Traced
1628291400,PVLP024,PVLP024_R,51.0,5,Traced
1626482563,LPLC2,LPLC2_R,25.0,LPLC2,Traced
1628641065,no labeled type,no instance,2.0,Bilateral tract,Traced
1630342124,PVLP031,PVLP031_R,5.0,58,Traced
1630332999,no labeled type,no instance,2.0,4,Traced
1628624182,PVLP124,PVLP124_R,7.0,7,Traced
1626827782,LPLC2,LPLC2,19.0,LPLC2,Traced
1625080038,LC4,LC4,35.0,LC4,Traced
1627643971,PS208,PS208_R,3.0,56,Traced
1621357756,LC4,LC4,36.0,LC4,Traced
1598296804,PVLP023,PVLP023_R,48.0,58,Traced
1600666677,SAD014,SAD014_R,53.0,57,Traced
1601711357,PVLP130,PVLP130_R,5.0,new type 2,Traced
1602704738,PVLP034,PVLP034_R,2.0,5,Traced
1594795610,AVLP542,AVLP542_R,74.0,69,Traced
1598944549,PVLP047,PVLP047_R,1.0,62,Traced
1599902570,PVLP128,PVLP128_R,1.0,7,Traced
1594562431,no labeled type,no instance,86.0,4,Traced
1597287219,no labeled type,no instance,7.0,91,Traced
1598586139,PVLP047,PVLP047_R,2.0,62,Traced
1590979045,LC4,LC4,31.0,LC4,Traced
1570565128,PVLP026,PVLP026_R,35.0,68,Traced
1568561101,AVLP202,AVLP202_R,47.0,58,Traced
1573336031,AVLP085,AVLP085_R,10.0,86,Traced
1566588022,no labeled type,no instance,12.0,10,Traced
1562673627,LC4,LC4,39.0,LC4,Traced
1566411868,LPLC2,LPLC2_R,32.0,LPLC2,Traced
1566247458,no labeled type,no instance,10.0,10,Traced
1565569898,WED005,WED005_R,5.0,new type 8,Traced
1535885253,no labeled type,no instance,2.0,Bilateral tract,Traced
1535221311,no labeled type,no instance,27.0,71,Traced
1540241926,AVLP500,AVLP500_R,1.0,7,Traced
1535791554,no labeled type,no instance,2.0,new type 3,Traced
1540216055,PVLP124,PVLP124_R,14.0,10,Traced
1535144397,PLP018,PLP018_R,12.0,22,Traced
1534363304,LPLC2,LPLC2_R,22.0,LPLC2,Traced
1533683889,LPLC2,LPLC2_R,20.0,LPLC2,Traced
1535488185,PLP060,PLP060_R,16.0,22,Traced
1534798522,PLP083,PLP083_R,1.0,70,Traced
1530636214,LPLC2,LPLC2_R,23.0,LPLC2,Traced
1508123633,PVLP018,PVLP018_R,1.0,new type 19,Traced
1507139129,PVLP028,PVLP028_R,1.0,5,Traced
1503999967,LC4,LC4,20.0,LC4,Traced
1507834915,PVLP031,PVLP031_R,19.0,58,Traced
1504850262,no labeled type,no instance,2.0,4,Traced
1506382974,no labeled type,no instance,50.0,2,Traced
1503733177,PVLP094,PVLP094_R,11.0,new type 13,Traced
1501111926,PVLP142,PVLP142_R,4.0,6,Traced
1498574596,LC4,LC4,23.0,LC4,Traced
1500598873,LPLC2,LPLC2_R,27.0,LPLC2,Traced
1499048899,PLP019,PLP019_R,1.0,22,Traced
1497973422,AMMC-A1,AMMC-A1_R,1.0,GCI,Traced
1474472195,PVLP123,PVLP123_R,8.0,10,Traced
1470971204,LPLC2,LPLC2_R,15.0,LPLC2,Traced
1471601440,LC4,LC4,28.0,LC4,Traced
1466861327,LC4,LC4,22.0,LC4,Traced
1467548306,LPLC2,LPLC2_R,27.0,LPLC2,Traced
1438912593,LPLC2,LPLC2_R,14.0,LPLC2,Traced
1438908304,LPLC2,LPLC2_R,19.0,LPLC2,Traced
1443450601,CL118,CL118_R,12.0,4,Traced
1440804168,PS004,PS004_R,3.0,13,Traced
1438524573,LC4,LC4,35.0,LC4,Traced
1437850908,LPLC2,LPLC2_R,15.0,LPLC2,Traced
1441598865,LPLC2,LPLC2_R,24.0,LPLC2,Traced
1417768398,PVLP017,PVLP017_R,54.0,new type 1,Traced
1411737459,PVLP010,PVLP010_R,245.0,131,Traced
1412761053,no labeled type,no instance,3.0,4,Traced
1405780725,LC4,LC4,20.0,LC4,Traced
1403392477,LPLC2,LPLC2_R,17.0,LPLC2,Traced
1407179534,LPLC2,LPLC2_R,26.0,LPLC2,Traced
1384712714,PVLP027,PVLP027_R,44.0,5,Traced
1383383062,PVLP015,PVLP015_R,2.0,22,Traced
1381730321,no labeled type,no instance,1.0,4,Traced
1381389069,no labeled type,no instance,73.0,GCI,Traced
1375224269,PLP034,PLP034_R,3.0,new type 12,Traced
1375845363,PVLP100,PVLP100_R,26.0,70,Traced
1353000905,no labeled type,no instance,2.0,Anterior type 2,Traced
1347979604,CL128,CL128_R,3.0,90,Traced
1346900360,PLP017,PLP017_R,1.0,new type 7,Traced
1347642883,PLP223,PLP223_R,15.0,6,Traced
1343749180,LPLC2,LPLC2_R,28.0,LPLC2,Traced
1322025494,AVLP524_a,AVLP524_a_R,2.0,27,Traced
1322984572,AVLP107,AVLP107_R,1.0,88,Traced
1320290839,PVLP122,PVLP122_R,53.0,10,Traced
1321564092,AVLP001,AVLP001_R,1.0,130,Traced
1318114681,no labeled type,no instance,2.0,18,Traced
1288650927,no labeled type,no instance,39.0,3,Traced
1288953551,AVLP460,AVLP460_R,4.0,96,Traced
1281303666,LC4,LC4,17.0,LC4,Traced
1282007450,LPLC2,LPLC2_R,24.0,LPLC2,Traced
1283013506,LPLC2,LPLC2_R,20.0,LPLC2,Traced
1256242994,CL051,CL051_R,1.0,13,Traced
1258631261,CL320,CL320_R,2.0,6,Traced
1254331599,no labeled type,no instance,59.0,2,Traced
1252548351,no labeled type,no instance,1.0,Misc - posterior,Traced
1249932198,LC4,LC4,30.0,LC4,Traced
1251287671,LC4,LC4,25.0,LC4,Traced
1251032454,PLP195,PLP195_R,1.0,15,Traced
1228484534,AVLP003,AVLP003_R,3.0,new type 5,Traced
1221971218,LPLC2,LPLC2_R,30.0,LPLC2,Traced
1218901359,LC4,LC4,18.0,LC4,Traced
1197455268,no labeled type,no instance,12.0,104,Traced
1195870226,AVLP177_a,AVLP177_a_R,2.0,49,Traced
1189559257,LC4,LC4,32.0,LC4,Traced
1166186949,PVLP122,PVLP122_R,202.0,10,Traced
1163808587,PVLP123,PVLP123_R,22.0,10,Traced
1158187240,LC4,LC4,26.0,LC4,Traced
1158864995,LC4,LC4,33.0,LC4,Traced
1134146373,CL323,CL323_R,17.0,6,Traced
1135441187,AVLP076,AVLP076_R,27.0,122,Traced
1134107162,CL332,CL332_R,1.0,108,Traced
1134819586,AVLP092,AVLP092_R,18.0,9,Traced
1131485858,no labeled type,no instance,5.0,26,Traced
1131485772,AVLP066,AVLP066_R,3.0,new type 16,Traced
1134729441,AVLP504,AVLP504_R,2.0,new type 14,Traced
1131149474,no labeled type,no instance,2.0,26,Traced
1103102334,PVLP122,PVLP122_R,179.0,10,Traced
1102761868,CL022,CL022_R,17.0,1,Traced
1099912501,no labeled type,no instance,4.0,Anterior type 2,Traced
1102412245,no labeled type,no instance,98.0,2,Traced
1100041650,CL039,CL039_R,10.0,72,Traced
1072059176,CL305,CL305_R,380.0,3,Traced
1073729578,CL266_a,CL266_a_R,4.0,27,Traced
1069352248,CL066,CL066_R,27.0,12,Traced
1073428001,no labeled type,no instance,45.0,4,Traced
1070950293,PVLP151,PVLP151(SCB004)_R,6.0,19,Traced
1068885266,PVLP151,PVLP151(SCB004)_R,9.0,19,Traced
1044343952,AVLP170,AVLP170_R,1.0,49,Traced
1040013335,DNp23,DNp23_R,2.0,new type 9,Traced
1040004619,CL304,CL304_R,1.0,109,Traced
1037972384,WED127,WED127_R,1.0,6,Traced
954705691,AOTU062,AOTU062_R,1.0,aIP,Traced
947590512,PS001,PS001_R,50.0,12,Traced
947582284,CL308,CL308_R,34.0,83,Traced
914850280,CL168,CL168_R,1.0,20,Traced
889838921,AVLP339,AVLP339_R,3.0,101,Traced
883514695,IB043,IB043_R,1.0,new type 10,Traced
885168486,CL001,CL001_R,3.0,65,Traced
856886459,SMP068,SMP068_R,21.0,72,Traced
852763122,CL166,CL166_R,1.0,20,Traced
829542849,CL038,CL038_R,63.0,72,Traced
829162792,CL022,CL022_R,13.0,1,Traced
829155062,AVLP040,AVLP040_R,5.0,1,Traced
821729208,CL168,CL168_R,1.0,20,Traced
801257348,CL029,CL029_R,1.0,new type 4,Traced
792326206,LHAD1g1,LHAD1g1_R,201.0,123,Traced
796733478,CL263,CL263_R,2.0,63,Traced
736877989,PS005_f,PS005_f_R,3.0,13,Traced
736433303,CL236,CL236_R,3.0,new type 6,Traced
729621875,CL002,CL002_R,3.0,65,Traced
727302430,CL204,CL204_R,7.0,84,Traced
702618710,no labeled type,no instance,2.0,124,Traced
675835107,PS002,PS002_R,12.0,16,Traced
675489962,PS004,PS004_R,5.0,13,Traced
673772212,SMP068,SMP068_R,31.0,72,Traced
675490252,CL038,CL038_R,67.0,72,Traced
644455092,CL051,CL051_R,1.0,13,Traced
642263196,AVLP040,AVLP040_R,1.0,1,Traced
642262407,AVLP040,AVLP040_R,4.0,1,Traced
613756808,PS005_e,PS005_e_R,10.0,13,Traced
517086196,AVLP442,AVLP442_R,32.0,82,Traced
454347237,CL022,CL022_R,12.0,1,Traced
1970025313,no labeled type,no instance,0.0,30,no status
2219650933,no labeled type,no instance,0.0,93,no status
1913014120,no labeled type,no instance,0.0,Anterior type 1,no status
5813067185,no labeled type,no instance,0.0,Anterior type 3,no status
2307027729,no labeled type,no instance,0.0,GF,no status
